id,tweet,d√©figement_identifi√©_final,expression_reconnue_finale,d√©figement_identifi√©A3,expression_reconnueA3,remarquesA3,d√©figement_identifi√©A2,expression_reconnueA2,remarquesA2,d√©figement_identifi√©A1,expression_reconnueA1,remarquesA1
1396137633236070406',"Macron se prend pour Rocard
"" On prend notre part, mais on ne peut pas accueillir 

Rocard  1989 : ""la France ne peut pas h√©berger toute la mis√®re du monde""

‚û°Ô∏èMacron sent le vent tourner
https://t.co/FFjpfFVZ2J",non,non,non,oui, , ,X, ,non,non,coup√©
1403263419051020288',"On ne peut pas et accueillir toute la mis√®re du monde en prendre soin √† grands coups de milliards et s‚Äôoccuper de nos b√©b√©s plac√©s qui EUX sont notre futur.
L‚Äô√âtat a clairement fait son choix! https://t.co/bbDFXivU26",non,oui,non,oui, , ,X, ,non,oui, 
1405169804605067264',@Blhot2 @JeanPeutPlus6 @ZX39019418 @MaitresseManu Ah oui si on est contre une immigration non contr√¥l√©e on est raciste. Je m‚Äôen fout de la couleur de peau ou de la provenance des immigr√©s. Ce que je souhaite c‚Äôest pr√©server notre mode et niveau de vie. On ne peut pas et ne veut pas accueillir toute la mis√®re du monde!,oui,oui,oui,oui, ,X,X, ,oui,oui, 
1414294119367774219',@zaza33000 Euh je ne trouve pas c‚Äôest un tweet qui refl√®te malheureusement une triste r√©alit√©. Mais bon Zazou tu dois faire partie de ces gens qui pensent que l‚Äôon peut et doit accueillir toute la mis√®re du monde. J‚Äôai h√¢te qu‚Äôils frappent √† ta porte üòâ,oui,oui,oui,oui, ,X,X, ,oui,oui, 
1588896049288351744',"@4kallaan @flyboat83 @BFMTV Quelle mort ? L Afrique du Nord n est pas en guerre √† ce que je sache, on ne peut pas non plus √™tre le seul pays √† accueillir toute la mis√®re du monde. Il y a bien assez √† faire dans notre propre pays avant de vouloir jouer au philanthrope grand seigneur !!",oui,oui,oui,oui, , ,X, ,oui,oui, 
