id,tweet,d√©figement_identifi√©,expression_reconnue,remarques
1414480874008162307',"@GG_RMC @EmmanuelMacron @RMCinfo @RMCStory La devise de la France : ""libert√©, √©galit√©, fraternit√© "" a du plomb dans l'aile !",,X,
1550241102359306240',"@YukiNek56432140 @BasPhilippe Ben c'est juste de la discrimination , et ceci depuis le d√©but de cette pand√©mie.
la devise libert√©-√©galit√©-fraternit√© a bien pris du plomb dans l'aile , c'√©tait pour faire bien ?",,X,
1375914183787708423',"je m'interroge, depuis des mois!!! O√π est la France black, blanc, beur (de 1998 et avant) qui ne faisait pas (encore trop) attention aux diff√©rences , ce pays qui a une devise LIBERTE EGALITE FRATERNITE!! avec les RS !!cette  devise a pris du plomb dans l'aile",,X,
1341291909512392704',"üî¥üí•‚ö° La devise "" #Libert√©, #√âgalit√©, #Fraternit√©"" qui est la devise nationale de la France depuis 1848 √† du plomb dans l'aile ......üò°
#Vaccin #COVID19 
#Covid_19  #COVID„Éº19 
#LiberteDeCirculer https://t.co/fG2fFW4XOj",,X,
1588285410337525760',"@Paplukonkinotr @Tsarorius A partir du moment  ou il y a fraude reconnue en plus  , l'√©tude a du plomb dans l'aile .  Raoult est connu et reconnu  pour son s√©rieux , ce n'est pas perdreau de l'ann√©e  .",,X,
