"id","'1407824418995384330",
"tweet","Tant qu'il y a de l'amour il y a de la vie! https://t.co/AU0mrWeGJa",
"seed","Tant qu'il y a de la vie, il y a de l'espoir",
"Tant"
"qu"
"il"
"y"
"a"
"de"
"l"
"amour"
"il"
"y"
"a"
"de"
"la"
"vie"
"!"
"https://t.co/AU0mrWeGJa"

"id","'1579801566030491649",
"tweet","J'aime mon pays France mondial j'aime la planÃ¨te Terre l'eau le vent le gel le froid le soleil la lune la nuit l'hiver l'Ã©tÃ© l'automne et le printemps quand je vois tout cela tant qu'il y a la vie il y a de l'amour il y a de l'espoir j'aime la planÃ¨te Terre",
"seed","Tant qu'il y a de la vie, il y a de l'espoir",
"J"
"aime"
"mon"
"pays"
"France"
"mondial"
"j"
"aime"
"la"
"planÃ¨te"
"Terre"
"l"
"eau"
"le"
"vent"
"le"
"gel"
"le"
"froid"
"le"
"soleil"
"la"
"lune"
"la"
"nuit"
"l"
"hiver"
"l"
"Ã©tÃ©"
"l"
"automne"
"et"
"le"
"printemps"
"quand"
"je"
"vois"
"tout"
"cela"
"tant"
"qu"
"il"
"y"
"a"
"la"
"vie"
"il"
"y"
"a"
"de"
"l"
"amour"
"il"
"y"
"a"
"de"
"l"
"espoir"
"j"
"aime"
"la"
"planÃ¨te"
"Terre"

"id","'1346532548248272897",
"tweet","Ã‰galitÃ© FraternitÃ© LibertÃ©...les valeurs de la RÃ©publique..elles me. manquent.  Aujourd'hui l'Ã©galitÃ©.. https://t.co/RpNn3F5UN2",
"seed","LibertÃ© Ã©galitÃ© fraternitÃ©",
"Ã‰galitÃ©"
"FraternitÃ©"
"LibertÃ©"
"https://t.co/RpNn3F5UN2"
"les"
"valeurs"
"de"
"la"
"RÃ©publique"
"..."
"elles"
"me"
"."
"manquent"
"."
"Aujourd"
"hui"
"l"
"Ã©galitÃ©"
".."
".."

"id","'1373353560453287942",
"tweet","@GilbertCollard C'Ã©tait un beau pays la France. Mais elle n'est plus.  Plus aucune valeur, plus rien. Le combat de certains derniers irrÃ©ductibles est vain, perdu d'avance.  Ã‰galitÃ© ğŸ˜‚, fraternitÃ© ğŸ˜‚, libertÃ©=confinÃ©.",
"seed","LibertÃ© Ã©galitÃ© fraternitÃ©",
"@GilbertCollard"
"C"
"Ã©tait"
"un"
"beau"
"pays"
"la"
"France"
"."
"Mais"
"elle"
"n"
"est"
"plus"
"."
"Plus"
"aucune"
"valeur"
","
"plus"
"rien"
"."
"Le"
"combat"
"de"
"certains"
"derniers"
"irrÃ©ductibles"
"est"
"vain"
","
"perdu"
"d"
"avance"
"."
"Ã‰galitÃ©"
"ğŸ˜‚"
","
"fraternitÃ©"
"ğŸ˜‚"
","
"libertÃ©=confinÃ©"
"."

"id","'1427629537307807769",
"tweet","AprÃ¨s ou avant lâ€™Afghanistan le President ferait bien dâ€™annoncer le retour Ã  lâ€™Ã©galitÃ©, fraternitÃ© et libertÃ© avec la fin du Pass sanitaire !",
"seed","LibertÃ© Ã©galitÃ© fraternitÃ©",
"AprÃ¨s"
"ou"
"avant"
"l"
"Afghanistan"
"le"
"President"
"ferait"
"bien"
"d"
"annoncer"
"le"
"retour"
"Ã "
"l"
"Ã©galitÃ©"
","
"fraternitÃ©"
"et"
"libertÃ©"
"avec"
"la"
"fin"
"du"
"Pass"
"sanitaire"
"!"

"id","'1463608090973061122",
"tweet","En ""douce France de l'omerta"", n'aurais Ã©tÃ© victime d'agressions crapuleuses, frappes rÃ©pÃ©tÃ©es, LGBTI Phobies caractÃ©risÃ©es homophobes, d'humiliation, d'harcÃ¨lement &amp; bÃ©nÃ©ficiÃ© d'aucune hospitalisation!  LibertÃ© Ã©galitÃ© dignitÃ© fraternitÃ© justice?! ğŸ˜¶   &gt; https://t.co/Q6C6cb5ihd https://t.co/2tAz9NA6Kt",
"seed","LibertÃ© Ã©galitÃ© fraternitÃ©",
"En"
""""
"douce"
"France"
"de"
"l"
"omerta"
""""
","
"n"
"aurais"
"Ã©tÃ©"
"victime"
"d"
"agressions"
"crapuleuses"
","
"frappes"
"rÃ©pÃ©tÃ©es"
","
"LGBTI"
"Phobies"
"caractÃ©risÃ©es"
"homophobes"
","
"d"
"humiliation"
","
"d"
"harcÃ¨lement"
"&amp"
";"
"bÃ©nÃ©ficiÃ©"
"d"
"aucune"
"hospitalisation"
"!"
"LibertÃ©"
"Ã©galitÃ©"
"dignitÃ©"
"fraternitÃ©"
"justice"
"https://t.co/Q6C6cb5ihd"
"ğŸ˜¶"
"&gt"
";"
"https://t.co/2tAz9NA6Kt"
"?!"

"id","'1594779236597993472",
"tweet","Si vous avez besoin dâ€™un uniforme pour Â«Â promouvoir la libertÃ©, lâ€™Ã©galitÃ©, la fraternitÃ© &amp; la laÃ¯citÃ©Â Â» câ€™est que vous nâ€™avez compris ni ce quâ€™est la libertÃ© ni lâ€™Ã©galitÃ© ni la fraternitÃ© ni la laÃ¯citÃ©. ğŸ¤·â€â™‚ï¸ https://t.co/2yT9s2W42q",
"seed","LibertÃ© Ã©galitÃ© fraternitÃ©",
"Si"
"vous"
"avez"
"besoin"
"d"
"un"
"uniforme"
"pour"
"Â«Â promouvoir"
"la"
"libertÃ©"
","
"l"
"Ã©galitÃ©"
","
"la"
"fraternitÃ©"
"&amp"
";"
"la"
"laÃ¯citÃ©Â Â»"
"c"
"est"
"que"
"vous"
"n"
"avez"
"compris"
"ni"
"ce"
"qu"
"est"
"la"
"libertÃ©"
"ni"
"l"
"Ã©galitÃ©"
"ni"
"la"
"fraternitÃ©"
"ni"
"la"
"laÃ¯citÃ©"
"."
"ğŸ¤·â€â™‚ï¸"
"https://t.co/2yT9s2W42q"

"id","'1448369894265864202",
"tweet","@alainhoupert Ã‰galitÃ© - fraternitÃ© - et un petit retour de libertÃ© ğŸ™ğŸ¼ https://t.co/h5Tcj5dHO9",
"seed","LibertÃ© Ã©galitÃ© fraternitÃ©",
"@alainhoupert"
"Ã‰galitÃ©"
"-"
"fraternitÃ©"
"-"
"et"
"un"
"petit"
"retour"
"de"
"libertÃ©"
"ğŸ™ğŸ¼"
"https://t.co/h5Tcj5dHO9"

"id","'1340006225946132480",
"tweet","@grand_reveil ğŸ‘‹ Tout Ã  fait La France c'est LIBERTÃ‰ ğŸ¤­ Ã‰GALITÃ‰ re ğŸ¤­ FRATERNITÃ‰ re re ğŸ¤­",
"seed","LibertÃ© Ã©galitÃ© fraternitÃ©",
"@grand_reveil"
"ğŸ‘‹"
"Tout"
"Ã "
"fait"
"La"
"France"
"c"
"est"
"LIBERTÃ‰"
"ğŸ¤­"
"Ã‰GALITÃ‰"
"re"
"ğŸ¤­"
"FRATERNITÃ‰"
"re"
"re"
"ğŸ¤­"

"id","'1439745511142080521",
"tweet","AquÃ­ vamos otra vez.   Ce 30 septembre sur Twitter Space #Radiolibertad dÃ©couvrez les visages de #SOSCuba   Viva la France. Ã‰galitÃ©, FraternitÃ© et LibertÃ© https://t.co/nQAbD7pkva",
"seed","LibertÃ© Ã©galitÃ© fraternitÃ©",
"AquÃ­"
"vamos"
"otra"
"vez"
"."
"Ce"
"30"
"septembre"
"sur"
"Twitter"
"Space"
"#Radiolibertad"
"dÃ©couvrez"
"les"
"visages"
"de"
"#SOSCuba"
"Viva"
"la"
"France"
"."
"Ã‰galitÃ©"
","
"FraternitÃ©"
"et"
"LibertÃ©"
"https://t.co/nQAbD7pkva"

"id","'1506261718036619270",
"tweet","Macron a dÃ©truit -l'hÃ´pital -l'Ã©cole -la justice -les retraites -les pauvres -les non vaccinÃ©s -la santÃ© -la confiance -la libertÃ© -l'Ã©galitÃ© -la fraternitÃ©  Et il serait Ã  29% ? MDR !!!  #MacronDegage2022 #McKinsey #ScandaleMacron",
"seed","LibertÃ© Ã©galitÃ© fraternitÃ©",
"Macron"
"a"
"dÃ©truit"
"-l"
"hÃ´pital"
"-l"
"Ã©cole"
"-la"
"justice"
"-les"
"retraites"
"-les"
"pauvres"
"-les"
"non"
"vaccinÃ©s"
"-la"
"santÃ©"
"-la"
"confiance"
"-la"
"libertÃ©"
"-l"
"Ã©galitÃ©"
"-la"
"fraternitÃ©"
"Et"
"il"
"serait"
"Ã "
"29%"
"?"
"MDR"
"!!!"
"#MacronDegage2022"
"#McKinsey"
"#ScandaleMacron"

"id","'1506608289353711617",
"tweet","Macron a dÃ©truit -l'hÃ´pital -l'Ã©cole -la justice -les retraites -les pauvres -les non vaccinÃ©s -la santÃ© -la confiance -la libertÃ© -l'Ã©galitÃ© -la fraternitÃ©  Et il serait Ã  29% ? MDR !!!  #MacronDegage2022 #McKinsey #ScandaleMacron",
"seed","LibertÃ© Ã©galitÃ© fraternitÃ©",
"Macron"
"a"
"dÃ©truit"
"-l"
"hÃ´pital"
"-l"
"Ã©cole"
"-la"
"justice"
"-les"
"retraites"
"-les"
"pauvres"
"-les"
"non"
"vaccinÃ©s"
"-la"
"santÃ©"
"-la"
"confiance"
"-la"
"libertÃ©"
"-l"
"Ã©galitÃ©"
"-la"
"fraternitÃ©"
"Et"
"il"
"serait"
"Ã "
"29%"
"?"
"MDR"
"!!!"
"#MacronDegage2022"
"#McKinsey"
"#ScandaleMacron"

"id","'1604541688839634946",
"tweet","Ã©galitÃ© fraternitÃ© libertÃ© y jodetÃ© ğŸ–•ğŸ»!",
"seed","LibertÃ© Ã©galitÃ© fraternitÃ©",
"Ã©galitÃ©"
"fraternitÃ©"
"libertÃ©"
"y"
"jodetÃ©"
"ğŸ–•ğŸ»"
"!"

"id","'1458125097575796749",
"tweet","@ASPelletier @d5343313 La Bielioussie ne peut pas non plus accueillir toute la misÃ¨re du monde. Qui est responsable de cet afflux de migrants? Les Bielorusses ou l'europe et les E-U? Curieux. On pourrait s'attendre Ã  un peu plus de recul.",
"seed","on ne peut pas accueillir toute la misÃ¨re du monde",
"@ASPelletier"
"@d5343313"
"La"
"Bielioussie"
"ne"
"peut"
"pas"
"non"
"plus"
"accueillir"
"toute"
"la"
"misÃ¨re"
"du"
"monde"
"."
"Qui"
"est"
"responsable"
"de"
"cet"
"afflux"
"de"
"migrants"
"?"
"Les"
"Bielorusses"
"ou"
"l"
"europe"
"et"
"les"
"E-U"
"?"
"Curieux"
"."
"On"
"pourrait"
"s"
"attendre"
"Ã "
"un"
"peu"
"plus"
"de"
"recul"
"."

"id","'1494568010199322640",
"tweet","@souph33 @RigambertInes @AQuatennens @melenchon_2022 @FranceInsoumise @JLMelenchon On nâ€™a pas Ã  recevoir toute la misÃ¨re du monde, et on ne le fera pas. Rendre franÃ§ais tous ces gens qui dÃ©testent la France et qui veulent juste notre systÃ¨me social et notre systÃ¨me de santÃ©, câ€™est une honte. Il va bientÃ´t avoir une fuite de la France, mais des cerveaux 1/2",
"seed","on ne peut pas accueillir toute la misÃ¨re du monde",
"@souph33"
"@RigambertInes"
"@AQuatennens"
"@melenchon_2022"
"@FranceInsoumise"
"@JLMelenchon"
"On"
"n"
"a"
"pas"
"Ã "
"recevoir"
"toute"
"la"
"misÃ¨re"
"du"
"monde"
","
"et"
"on"
"ne"
"le"
"fera"
"pas"
"."
"Rendre"
"franÃ§ais"
"tous"
"ces"
"gens"
"qui"
"dÃ©testent"
"la"
"France"
"et"
"qui"
"veulent"
"juste"
"notre"
"systÃ¨me"
"social"
"et"
"notre"
"systÃ¨me"
"de"
"santÃ©"
","
"c"
"est"
"une"
"honte"
"."
"Il"
"va"
"bientÃ´t"
"avoir"
"une"
"fuite"
"de"
"la"
"France"
","
"mais"
"des"
"cerveaux"
"1/2"

"id","'1414202235488243715",
"tweet","@zaza33000 Euh je ne trouve pas câ€™est un tweet qui reflÃ¨te malheureusement une triste rÃ©alitÃ©. Mais bon Zazou tu dois faire partie de ces gens qui pensent que lâ€™on peut et doit accueillir toute la misÃ¨re du monde. Jâ€™ai hÃ¢te quâ€™ils frappent Ã  ta porte ğŸ˜‰",
"seed","on ne peut pas accueillir toute la misÃ¨re du monde",
"@zaza33000"
"Euh"
"je"
"ne"
"trouve"
"pas"
"c"
"est"
"un"
"tweet"
"qui"
"reflÃ¨te"
"malheureusement"
"une"
"triste"
"rÃ©alitÃ©"
"."
"Mais"
"bon"
"Zazou"
"tu"
"dois"
"faire"
"partie"
"de"
"ces"
"gens"
"qui"
"pensent"
"que"
"l"
"on"
"peut"
"et"
"doit"
"accueillir"
"toute"
"la"
"misÃ¨re"
"du"
"monde"
"."
"J"
"ai"
"hÃ¢te"
"qu"
"ils"
"frappent"
"Ã "
"ta"
"porte"
"ğŸ˜‰"

"id","'1504945674370097152",
"tweet","@Aurelie_Gascon La France ne peut pas accueillir toute la misÃ¨re du monde. On a dÃ©jÃ  notre misÃ¨re intellectuelle locale Ã  accueillir en effet.",
"seed","on ne peut pas accueillir toute la misÃ¨re du monde",
"@Aurelie_Gascon"
"La"
"France"
"ne"
"peut"
"pas"
"accueillir"
"toute"
"la"
"misÃ¨re"
"du"
"monde"
"."
"On"
"a"
"dÃ©jÃ "
"notre"
"misÃ¨re"
"intellectuelle"
"locale"
"Ã "
"accueillir"
"en"
"effet"
"."

"id","'1394927836515946496",
"tweet","@henrypoly1 On ne sait pas mais peut on encore se permettre d'accueillir toute la misÃ¨re du monde ?",
"seed","on ne peut pas accueillir toute la misÃ¨re du monde",
"@henrypoly1"
"On"
"ne"
"sait"
"pas"
"mais"
"peut"
"on"
"encore"
"se"
"permettre"
"d"
"accueillir"
"toute"
"la"
"misÃ¨re"
"du"
"monde"
"?"

"id","'1588813087133806592",
"tweet","DÃ©solÃ© mais la France ne peut pas accueillir toute la misÃ¨re du monde ! DÃ©jÃ  quâ€™on a pas mal de problÃ¨me avec ceux dÃ©jÃ  sur place il faut en accueillir encore plus ? La France nâ€™a plus sa souverainetÃ© dâ€™immigration et doit se soumettre aux ONG ! Les franÃ§ais doivent encore avoir",
"seed","on ne peut pas accueillir toute la misÃ¨re du monde",
"DÃ©solÃ©"
"mais"
"la"
"France"
"ne"
"peut"
"pas"
"accueillir"
"toute"
"la"
"misÃ¨re"
"du"
"monde"
"!"
"DÃ©jÃ "
"qu"
"on"
"a"
"pas"
"mal"
"de"
"problÃ¨me"
"avec"
"ceux"
"dÃ©jÃ "
"sur"
"place"
"il"
"faut"
"en"
"accueillir"
"encore"
"plus"
"?"
"La"
"France"
"n"
"a"
"plus"
"sa"
"souverainetÃ©"
"d"
"immigration"
"et"
"doit"
"se"
"soumettre"
"aux"
"ONG"
"!"
"Les"
"franÃ§ais"
"doivent"
"encore"
"avoir"

"id","'1501351967557402628",
"tweet","@LCI #Zemmour2022  a clairement dans son programme l'arrÃªt de l'immigration Ã©conomique. Oui. Et c'est pour cela qu'on veut voter pour lui ! ""La France ne peut pas accueillir toute la misÃ¨re du monde""- M.Rocard, Parti Socialiste.",
"seed","on ne peut pas accueillir toute la misÃ¨re du monde",
"@LCI"
"#Zemmour2022"
"a"
"clairement"
"dans"
"son"
"programme"
"l"
"arrÃªt"
"de"
"l"
"immigration"
"Ã©conomique"
"."
"Oui"
"."
"Et"
"c"
"est"
"pour"
"cela"
"qu"
"on"
"veut"
"voter"
"pour"
"lui"
"!"
""""
"La"
"France"
"ne"
"peut"
"pas"
"accueillir"
"toute"
"la"
"misÃ¨re"
"du"
"monde"
""""
"-"
"M"
"."
"Rocard"
","
"Parti"
"Socialiste"
"."

"id","'1403274284512972802",
"tweet","On ne peut pas et accueillir toute la misÃ¨re du monde en prendre soin Ã  grands coups de milliards et sâ€™occuper de nos bÃ©bÃ©s placÃ©s qui EUX sont notre futur. Lâ€™Ã‰tat a clairement fait son choix! https://t.co/bbDFXivU26",
"seed","on ne peut pas accueillir toute la misÃ¨re du monde",
"On"
"ne"
"peut"
"pas"
"et"
"accueillir"
"toute"
"la"
"misÃ¨re"
"du"
"monde"
"en"
"prendre"
"soin"
"Ã "
"grands"
"coups"
"de"
"milliards"
"et"
"s"
"occuper"
"de"
"nos"
"bÃ©bÃ©s"
"placÃ©s"
"qui"
"EUX"
"sont"
"notre"
"futur"
"."
"L"
"Ã‰tat"
"a"
"clairement"
"fait"
"son"
"choix"
"!"
"https://t.co/bbDFXivU26"

"id","'1432200722360242176",
"tweet","@linaetguy1 On ne peut pas vouloir accueillir toute la misÃ©re du monde , et une fois qu'elle chez vous ne pas s'en accomoder . C'est pourtant ce que fait cette gauche dite humaniste , elle importe la misÃ©re chez nous , mais pas prÃ¨s de chez eux ! Basta .",
"seed","on ne peut pas accueillir toute la misÃ¨re du monde",
"@linaetguy1"
"On"
"ne"
"peut"
"pas"
"vouloir"
"accueillir"
"toute"
"la"
"misÃ©re"
"du"
"monde"
","
"et"
"une"
"fois"
"qu"
"elle"
"chez"
"vous"
"ne"
"pas"
"s"
"en"
"accomoder"
"."
"C"
"est"
"pourtant"
"ce"
"que"
"fait"
"cette"
"gauche"
"dite"
"humaniste"
","
"elle"
"importe"
"la"
"misÃ©re"
"chez"
"nous"
","
"mais"
"pas"
"prÃ¨s"
"de"
"chez"
"eux"
"!"
"Basta"
"."

"id","'1499497413245034499",
"tweet","Nous sommes le 3 mars 2022, et vous vivez dans un pays oÃ¹ tous les journalistes qui ont passÃ© 15 ans Ã  vous expliquer que la France ne pouvait pas accueillir toute la misÃ¨re du monde vous disent maintenant qu'on peut accueillir les ukrainiens, parce que bon, c'est pas des arabes.",
"seed","on ne peut pas accueillir toute la misÃ¨re du monde",
"Nous"
"sommes"
"le"
"3"
"mars"
"2022"
","
"et"
"vous"
"vivez"
"dans"
"un"
"pays"
"oÃ¹"
"tous"
"les"
"journalistes"
"qui"
"ont"
"passÃ©"
"15"
"ans"
"Ã "
"vous"
"expliquer"
"que"
"la"
"France"
"ne"
"pouvait"
"pas"
"accueillir"
"toute"
"la"
"misÃ¨re"
"du"
"monde"
"vous"
"disent"
"maintenant"
"qu"
"on"
"peut"
"accueillir"
"les"
"ukrainiens"
","
"parce"
"que"
"bon"
","
"c"
"est"
"pas"
"des"
"arabes"
"."

"id","'1514166697099509763",
"tweet","@j_colonafranch @AnthoSno @Gnougnou25 Exactement on ne peut malheureusement pas accueillir toute la misÃ¨re du monde et ce nâ€™est pas du racisme. Autre exemple les anglais, en reprenant le contrÃ´le des frontiÃ¨res sont ils devenus de gros racistes dâ€™extrÃªme droite? Jâ€™ai lu le programme de MLP, rien de vraiment choquant",
"seed","on ne peut pas accueillir toute la misÃ¨re du monde",
"@j_colonafranch"
"@AnthoSno"
"@Gnougnou25"
"Exactement"
"on"
"ne"
"peut"
"malheureusement"
"pas"
"accueillir"
"toute"
"la"
"misÃ¨re"
"du"
"monde"
"et"
"ce"
"n"
"est"
"pas"
"du"
"racisme"
"."
"Autre"
"exemple"
"les"
"anglais"
","
"en"
"reprenant"
"le"
"contrÃ´le"
"des"
"frontiÃ¨res"
"sont"
"ils"
"devenus"
"de"
"gros"
"racistes"
"d"
"extrÃªme"
"droite"
"?"
"J"
"ai"
"lu"
"le"
"programme"
"de"
"MLP"
","
"rien"
"de"
"vraiment"
"choquant"

"id","'1405169804605067264",
"tweet","@Blhot2 @JeanPeutPlus6 @ZX39019418 @MaitresseManu Ah oui si on est contre une immigration non contrÃ´lÃ©e on est raciste. Je mâ€™en fout de la couleur de peau ou de la provenance des immigrÃ©s. Ce que je souhaite câ€™est prÃ©server notre mode et niveau de vie. On ne peut pas et ne veut pas accueillir toute la misÃ¨re du monde!",
"seed","on ne peut pas accueillir toute la misÃ¨re du monde",
"@Blhot2"
"@JeanPeutPlus6"
"@ZX39019418"
"@MaitresseManu"
"Ah"
"oui"
"si"
"on"
"est"
"contre"
"une"
"immigration"
"non"
"contrÃ´lÃ©e"
"on"
"est"
"raciste"
"."
"Je"
"m"
"en"
"fout"
"de"
"la"
"couleur"
"de"
"peau"
"ou"
"de"
"la"
"provenance"
"des"
"immigrÃ©s"
"."
"Ce"
"que"
"je"
"souhaite"
"c"
"est"
"prÃ©server"
"notre"
"mode"
"et"
"niveau"
"de"
"vie"
"."
"On"
"ne"
"peut"
"pas"
"et"
"ne"
"veut"
"pas"
"accueillir"
"toute"
"la"
"misÃ¨re"
"du"
"monde"
"!"

"id","'1414294119367774219",
"tweet","@zaza33000 Euh je ne trouve pas câ€™est un tweet qui reflÃ¨te malheureusement une triste rÃ©alitÃ©. Mais bon Zazou tu dois faire partie de ces gens qui pensent que lâ€™on peut et doit accueillir toute la misÃ¨re du monde. Jâ€™ai hÃ¢te quâ€™ils frappent Ã  ta porte ğŸ˜‰",
"seed","on ne peut pas accueillir toute la misÃ¨re du monde",
"@zaza33000"
"Euh"
"je"
"ne"
"trouve"
"pas"
"c"
"est"
"un"
"tweet"
"qui"
"reflÃ¨te"
"malheureusement"
"une"
"triste"
"rÃ©alitÃ©"
"."
"Mais"
"bon"
"Zazou"
"tu"
"dois"
"faire"
"partie"
"de"
"ces"
"gens"
"qui"
"pensent"
"que"
"l"
"on"
"peut"
"et"
"doit"
"accueillir"
"toute"
"la"
"misÃ¨re"
"du"
"monde"
"."
"J"
"ai"
"hÃ¢te"
"qu"
"ils"
"frappent"
"Ã "
"ta"
"porte"
"ğŸ˜‰"

"id","'1588896049288351744",
"tweet","@4kallaan @flyboat83 @BFMTV Quelle mort ? L Afrique du Nord n est pas en guerre Ã  ce que je sache, on ne peut pas non plus Ãªtre le seul pays Ã  accueillir toute la misÃ¨re du monde. Il y a bien assez Ã  faire dans notre propre pays avant de vouloir jouer au philanthrope grand seigneur !!",
"seed","on ne peut pas accueillir toute la misÃ¨re du monde",
"@4kallaan"
"@flyboat83"
"@BFMTV"
"Quelle"
"mort"
"?"
"L"
"Afrique"
"du"
"Nord"
"n"
"est"
"pas"
"en"
"guerre"
"Ã "
"ce"
"que"
"je"
"sache"
","
"on"
"ne"
"peut"
"pas"
"non"
"plus"
"Ãªtre"
"le"
"seul"
"pays"
"Ã "
"accueillir"
"toute"
"la"
"misÃ¨re"
"du"
"monde"
"."
"Il"
"y"
"a"
"bien"
"assez"
"Ã "
"faire"
"dans"
"notre"
"propre"
"pays"
"avant"
"de"
"vouloir"
"jouer"
"au"
"philanthrope"
"grand"
"seigneur"
"!!"

"id","'1442035996560969729",
"tweet","@sakoyko Mais ouiiii, ca coule d'eau de source mdr",
"seed","coule de source",
"@sakoyko"
"Mais"
"ouiiii"
","
"ca"
"coule"
"d"
"eau"
"de"
"source"
"mdr"

"id","'1505648419771195401",
"tweet","Cela dit Jorge casse toi aussi pauvre con",
"seed","Casse-toi pauvre con",
"Cela"
"dit"
"Jorge"
"casse"
"toi"
"aussi"
"pauvre"
"con"

"id","'1543682617660395525",
"tweet","@romcanuti Demande Ã  ta femme si tu en as une Ã  quoi tu sers pauvre con tu aimes lâ€™OM toi casse toi pauvre ğŸ–•ğŸ–•",
"seed","Casse-toi pauvre con",
"@romcanuti"
"Demande"
"Ã "
"ta"
"femme"
"si"
"tu"
"en"
"as"
"une"
"Ã "
"quoi"
"tu"
"sers"
"pauvre"
"con"
"tu"
"aimes"
"l"
"OM"
"toi"
"casse"
"toi"
"pauvre"
"ğŸ–•ğŸ–•"

"id","'1555656308241887232",
"tweet","@RLZ82 Casse toi en Espagne pauvre con ğŸ¤·ğŸ½",
"seed","Casse-toi pauvre con",
"@RLZ82"
"Casse"
"toi"
"en"
"Espagne"
"pauvre"
"con"
"ğŸ¤·ğŸ½"

"id","'1372972378981076993",
"tweet","@RicodelPrado2 C'est le deuxiÃ¨me effet covid",
"seed","c'est le deuxiÃ¨me effet Kisscool",
"@RicodelPrado2"
"C"
"est"
"le"
"deuxiÃ¨me"
"effet"
"covid"

"id","'1604929131250339841",
"tweet","@veroniquegenest C'est le deuxiÃ¨me effet coupe du monde ğŸ˜…",
"seed","c'est le deuxiÃ¨me effet Kisscool",
"@veroniquegenest"
"C"
"est"
"le"
"deuxiÃ¨me"
"effet"
"coupe"
"du"
"monde"
"ğŸ˜…"

"id","'1532363863005462529",
"tweet","@PaulEcoffey C'est le deuxiÃ¨me effet qui se coule de la politique de Biden: balkaniser l'UE quand les victimes de l'ultra libÃ©ralisme vont commencer Ã  Ãªtre dÃ©stabilisÃ©s donc livrÃ©s aux mafias!",
"seed","c'est le deuxiÃ¨me effet Kisscool",
"@PaulEcoffey"
"C"
"est"
"le"
"deuxiÃ¨me"
"effet"
"qui"
"se"
"coule"
"de"
"la"
"politique"
"de"
"Biden"
":"
"balkaniser"
"l"
"UE"
"quand"
"les"
"victimes"
"de"
"l"
"ultra"
"libÃ©ralisme"
"vont"
"commencer"
"Ã "
"Ãªtre"
"dÃ©stabilisÃ©s"
"donc"
"livrÃ©s"
"aux"
"mafias"
"!"

"id","'1509960322710396928",
"tweet","@FabouTaz C'est le deuxiÃ¨me effet grumpy lol",
"seed","c'est le deuxiÃ¨me effet Kisscool",
"@FabouTaz"
"C"
"est"
"le"
"deuxiÃ¨me"
"effet"
"grumpy"
"lol"

"id","'1567115892785401856",
"tweet","C'est plus le deuxiÃ¨me effet kisscool, c'est le deuxiÃ¨me effet mÃ©diapart: y a toujours une deuxiÃ¨me rÃ©vÃ©lation aprÃ¨s la premiÃ¨re pour enfoncer le clou https://t.co/4ZAHfWRQEK",
"seed","c'est le deuxiÃ¨me effet Kisscool",
"C"
"est"
"plus"
"le"
"deuxiÃ¨me"
"effet"
"kisscool"
","
"c"
"est"
"le"
"deuxiÃ¨me"
"effet"
"mÃ©diapart"
":"
"y"
"a"
"toujours"
"une"
"deuxiÃ¨me"
"rÃ©vÃ©lation"
"aprÃ¨s"
"la"
"premiÃ¨re"
"pour"
"enfoncer"
"le"
"clou"
"https://t.co/4ZAHfWRQEK"

"id","'1600085418484981760",
"tweet","@CPASGAGNE69 @myroques ğŸ˜‚ğŸ˜‚ğŸ˜‚. C'est le deuxiÃ¨me effet de l'Ã¢ge ğŸ˜‰",
"seed","c'est le deuxiÃ¨me effet Kisscool",
"@CPASGAGNE69"
"@myroques"
"ğŸ˜‚ğŸ˜‚ğŸ˜‚"
"."
"C"
"est"
"le"
"deuxiÃ¨me"
"effet"
"de"
"l"
"Ã¢ge"
"ğŸ˜‰"

"id","'1585929754494078976",
"tweet","@Malanix c'est le deuxiÃ¨me effet du dÃ©colletÃ© d'hier? ğŸ˜‚  (soignes toi bien)",
"seed","c'est le deuxiÃ¨me effet Kisscool",
"@Malanix"
"c"
"est"
"le"
"deuxiÃ¨me"
"effet"
"du"
"dÃ©colletÃ©"
"d"
"hier"
"?"
"ğŸ˜‚"
"("
"soignes"
"toi"
"bien"
")"

"id","'1458718239647752194",
"tweet","@larayrieclic @ChandelonR Ã‡a c'est  le deuxiÃ¨me  effet .. ""du cigare""... ğŸ¤—ğŸ˜‚ğŸ˜‚ğŸ¤©ğŸ˜",
"seed","c'est le deuxiÃ¨me effet Kisscool",
"@larayrieclic"
"@ChandelonR"
"Ã‡a"
"c"
"est"
"le"
"deuxiÃ¨me"
"effet"
".."
""""
"du"
"cigare"
""""
"..."
"."
"ğŸ¤—ğŸ˜‚ğŸ˜‚ğŸ¤©ğŸ˜"

"id","'1436279917738610698",
"tweet","@mammiebocockiq C'est le deuxiÃ¨me effet du coup de coeur vaccin ğŸ˜³",
"seed","c'est le deuxiÃ¨me effet Kisscool",
"@mammiebocockiq"
"C"
"est"
"le"
"deuxiÃ¨me"
"effet"
"du"
"coup"
"de"
"coeur"
"vaccin"
"ğŸ˜³"

"id","'1439479167779749888",
"tweet","@dc_morel Cette photo montre aussi, qu'hormis la petite foule de ""journalistes"" qui se pressent autour de la Raclure nÃ©o nazie, la salle, qu'on aperÃ§oit Ã  l'arriÃ¨re plan, est dÃ©serte Ã‡a, c'est le deuxiÃ¨me effet ""grand angle""",
"seed","c'est le deuxiÃ¨me effet Kisscool",
"@dc_morel"
"Cette"
"photo"
"montre"
"aussi"
","
"qu"
"hormis"
"la"
"petite"
"foule"
"de"
""""
"journalistes"
""""
"qui"
"se"
"pressent"
"autour"
"de"
"la"
"Raclure"
"nÃ©o"
"nazie"
","
"la"
"salle"
","
"qu"
"on"
"aperÃ§oit"
"Ã "
"l"
"arriÃ¨re"
"plan"
","
"est"
"dÃ©serte"
"Ã‡a"
","
"c"
"est"
"le"
"deuxiÃ¨me"
"effet"
""""
"grand"
"angle"
""""

"id","'1530290162931990528",
"tweet","@RenaudTarlet Et ces gens qui soutiennent Macron vont eux-aussi impactÃ©s par cette politique de destruction massive du modÃ¨le Ã©conomique et social issu du CNR, des idÃ©aux rÃ©publicains etc.",
"seed","Arme de destruction massive",
"@RenaudTarlet"
"Et"
"ces"
"gens"
"qui"
"soutiennent"
"Macron"
"vont"
"eux-aussi"
"impactÃ©s"
"par"
"cette"
"politique"
"de"
"destruction"
"massive"
"du"
"modÃ¨le"
"Ã©conomique"
"et"
"social"
"issu"
"du"
"CNR"
","
"des"
"idÃ©aux"
"rÃ©publicains"
"etc"
"."

"id","'1581715823697141761",
"tweet","@TataYoyo_1ere Mais qu'attendent donc la #NUPES et toutes ces ONG de destruction massive pour enfin revendiquer le droit de cuissage, ou une dotation de quelques vierges, pour tout migrant illÃ©gal qui arriverait en #France?  Un accueil digne pour ces pauvres gens, serait la moindre des choses.",
"seed","Arme de destruction massive",
"@TataYoyo_1ere"
"Mais"
"qu"
"attendent"
"donc"
"la"
"#NUPES"
"et"
"toutes"
"ces"
"ONG"
"de"
"destruction"
"massive"
"pour"
"enfin"
"revendiquer"
"le"
"droit"
"de"
"cuissage"
","
"ou"
"une"
"dotation"
"de"
"quelques"
"vierges"
","
"pour"
"tout"
"migrant"
"illÃ©gal"
"qui"
"arriverait"
"en"
"#France"
"?"
"Un"
"accueil"
"digne"
"pour"
"ces"
"pauvres"
"gens"
","
"serait"
"la"
"moindre"
"des"
"choses"
"."

"id","'1610080346904875008",
"tweet","Terrible !Ces gens lÃ  sont nos pires ennemis : cette oligarchie mondialiste qui se trouve dans tous ces pays qui ont participÃ© Ã  cette mascarade criminelle. Ceux-ci ont utilisÃ© les pays Ã  leur solde comme instrument de destruction massive contre les peuples dâ€™y trouvant:tromperie https://t.co/7G5U6x8QXP",
"seed","Arme de destruction massive",
"Terrible"
"!"
"Ces"
"gens"
"lÃ "
"sont"
"nos"
"pires"
"ennemis"
":"
"cette"
"oligarchie"
"mondialiste"
"qui"
"se"
"trouve"
"dans"
"tous"
"ces"
"pays"
"qui"
"ont"
"participÃ©"
"Ã "
"cette"
"mascarade"
"criminelle"
"."
"Ceux-ci"
"ont"
"utilisÃ©"
"les"
"pays"
"Ã "
"leur"
"solde"
"comme"
"instrument"
"de"
"destruction"
"massive"
"contre"
"les"
"peuples"
"d"
"y"
"trouvant"
":"
"tromperie"
"https://t.co/7G5U6x8QXP"

"id","'1560702914200571904",
"tweet","Moi : *cherche une recette de cuisine* Lâ€™auteurice : il y a bien longtemps, dans une galaxie trÃ¨s trÃ¨s lointaineâ€¦",
"seed","Il y a bien longtemps, dans une galaxie lointaine, trÃ¨s lointaine",
"Moi"
":"
"*cherche"
"une"
"recette"
"de"
"cuisine*"
"L"
"auteurice"
":"
"il"
"y"
"a"
"bien"
"longtemps"
","
"dans"
"une"
"galaxie"
"trÃ¨s"
"trÃ¨s"
"lointaineâ€¦"

"id","'1557356317517533188",
"tweet","Il y a bien longtemps dans une galaxie lointaine... trÃ¨s loin lointaine   #tweetcommeunmoorish https://t.co/8MK2f9bnX7 https://t.co/OVPs5hSj1z",
"seed","Il y a bien longtemps, dans une galaxie lointaine, trÃ¨s lointaine",
"Il"
"y"
"a"
"bien"
"longtemps"
"dans"
"une"
"galaxie"
"lointaine"
"https://t.co/8MK2f9bnX7"
"trÃ¨s"
"loin"
"lointaine"
"#tweetcommeunmoorish"
"https://t.co/OVPs5hSj1z"
"..."

"id","'1383503595035717632",
"tweet","NOUVEAUTE / SinaÃ¯ve, Dasein EP (Buddy Records) / Reprise Party (Langue Pendue) Il y a bien longtemps, dans une trÃ¨s petite galaxie fort lointaine, nous nous battions au sujet de lâ€™usage de la langue franÃ§aise dans un contexte noisy pop. Par @EtienneGreib  https://t.co/e4QHjnWGqS",
"seed","Il y a bien longtemps, dans une galaxie lointaine, trÃ¨s lointaine",
"NOUVEAUTE"
"/"
"SinaÃ¯ve"
","
"Dasein"
"EP"
"("
"Buddy"
"Records"
")"
"/"
"Reprise"
"Party"
"("
"Langue"
"Pendue"
")"
"Il"
"y"
"a"
"bien"
"longtemps"
","
"dans"
"une"
"trÃ¨s"
"petite"
"galaxie"
"fort"
"lointaine"
","
"nous"
"nous"
"battions"
"au"
"sujet"
"de"
"l"
"usage"
"de"
"la"
"langue"
"franÃ§aise"
"dans"
"un"
"contexte"
"noisy"
"pop"
"."
"Par"
"@EtienneGreib"
"https://t.co/e4QHjnWGqS"

"id","'1586627821988098050",
"tweet","@DangoAri @darkjabberwock Il y a bien longtemps dans une trÃ¨s lointaine galaxieâ€¦  https://t.co/U18sdJE600   On a quâ€™Ã  dire que je faisais du ""dev"" en 1996. https://t.co/G2aRG1jdlL",
"seed","Il y a bien longtemps, dans une galaxie lointaine, trÃ¨s lointaine",
"@DangoAri"
"@darkjabberwock"
"Il"
"y"
"a"
"bien"
"longtemps"
"dans"
"une"
"trÃ¨s"
"lointaine"
"galaxieâ€¦"
"https://t.co/U18sdJE600"
"On"
"a"
"qu"
"Ã "
"dire"
"que"
"je"
"faisais"
"du"
""""
"dev"
""""
"en"
"1996"
"."
"https://t.co/G2aRG1jdlL"

"id","'1497343207084019713",
"tweet","@DominiqueReynie @Horizons069 @FrancoisFillon La France et les FranÃ§ais ne souhaitaient plus de Fillon sur son territoire, il s'est expatriÃ© pour vivre et travailler dans un pays d'accueil (pas le meilleur certes).La France veut le beurre,l'argent du beurre et le cul de la crÃ©miÃ¨re.Fermez-la,au lieu de vomir votre haineğŸ˜¡",
"seed","Le beurre et l'argent du beurre",
"@DominiqueReynie"
"@Horizons069"
"@FrancoisFillon"
"La"
"France"
"et"
"les"
"FranÃ§ais"
"ne"
"souhaitaient"
"plus"
"de"
"Fillon"
"sur"
"son"
"territoire"
","
"il"
"s"
"est"
"expatriÃ©"
"pour"
"vivre"
"et"
"travailler"
"dans"
"un"
"pays"
"d"
"accueil"
"("
"pas"
"le"
"meilleur"
"certes"
")"
"."
"La"
"France"
"veut"
"le"
"beurre"
","
"l"
"argent"
"du"
"beurre"
"et"
"le"
"cul"
"de"
"la"
"crÃ©miÃ¨re"
"."
"Fermez-la"
","
"au"
"lieu"
"de"
"vomir"
"votre"
"haineğŸ˜¡"

"id","'1534495150772215808",
"tweet","@LaetiFenua @GG_RMC @Elisabeth_Borne @soubremarieanne La plupart des categorie 2 peuvent travailler....poste amenagÃ©s....vous voulez le beurre ...l'argent du beurre et en plus la cremiere qui va avec!",
"seed","Le beurre et l'argent du beurre",
"@LaetiFenua"
"@GG_RMC"
"@Elisabeth_Borne"
"@soubremarieanne"
"La"
"plupart"
"des"
"categorie"
"2"
"peuvent"
"travailler"
"...."
"poste"
"amenagÃ©s"
"...."
"vous"
"voulez"
"le"
"beurre"
"..."
"l"
"argent"
"du"
"beurre"
"et"
"en"
"plus"
"la"
"cremiere"
"qui"
"va"
"avec"
"!"

"id","'1467663620440047622",
"tweet","@g59586104 @ppwonderlust @Qofficiel Mais bon faire autrement ce serait discriminatoire... . Le patriarcat... C'est fini ou pas ? A un moment faut prendre position !  Le beurre l'argent du beurre et les glawis du crÃ©mier... Ca va 5mn!",
"seed","Le beurre et l'argent du beurre",
"@g59586104"
"@ppwonderlust"
"@Qofficiel"
"Mais"
"bon"
"faire"
"autrement"
"ce"
"serait"
"discriminatoire"
"..."
"."
"Le"
"patriarcat"
"..."
"C"
"est"
"fini"
"ou"
"pas"
"?"
"A"
"un"
"moment"
"faut"
"prendre"
"position"
"!"
"Le"
"beurre"
"l"
"argent"
"du"
"beurre"
"et"
"les"
"glawis"
"du"
"crÃ©mier"
"..."
"Ca"
"va"
"5mn"
"!"

"id","'1605902439705518081",
"tweet","Rien ne les obligent a travailler a la SNCF. Il y a plein de jobs ouverts pour lequels les horaires sont plus souples. Vous voulez la vache, le lait, le beurre et l'argent de la cremiere. Ne plus cÃ©der aux methodes marxistes  de la CGT, c'est la seule solution. https://t.co/iu01c3VOFG",
"seed","Le beurre et l'argent du beurre",
"Rien"
"ne"
"les"
"obligent"
"a"
"travailler"
"a"
"la"
"SNCF"
"."
"Il"
"y"
"a"
"plein"
"de"
"jobs"
"ouverts"
"pour"
"lequels"
"les"
"horaires"
"sont"
"plus"
"souples"
"."
"Vous"
"voulez"
"la"
"vache"
","
"le"
"lait"
","
"le"
"beurre"
"et"
"l"
"argent"
"de"
"la"
"cremiere"
"."
"Ne"
"plus"
"cÃ©der"
"aux"
"methodes"
"marxistes"
"de"
"la"
"CGT"
","
"c"
"est"
"la"
"seule"
"solution"
"."
"https://t.co/iu01c3VOFG"

"id","'1459058487783219202",
"tweet","@D_Philippot59 @_LesPatriotes ce mec la a tout ,le beurre , l argent du beurre , le cul de la cremiere et ils s offre des petites recompenses , elle est pas belle la vie ??!",
"seed","Le beurre et l'argent du beurre",
"@D_Philippot59"
"@_LesPatriotes"
"ce"
"mec"
"la"
"a"
"tout"
","
"le"
"beurre"
","
"l"
"argent"
"du"
"beurre"
","
"le"
"cul"
"de"
"la"
"cremiere"
"et"
"ils"
"s"
"offre"
"des"
"petites"
"recompenses"
","
"elle"
"est"
"pas"
"belle"
"la"
"vie"
"??!"

"id","'1540718721693495301",
"tweet","@jerlea_ ""Alors, tu prÃ©fÃ¨res le beurre, l'argent du beurre ou le cul de la crÃ©miÃ¨re ? Pour moi, la question elle est vite rÃ©pondue"" https://t.co/CgyZcXgKMj",
"seed","Le beurre et l'argent du beurre",
"@jerlea_"
""""
"Alors"
","
"tu"
"prÃ©fÃ¨res"
"le"
"beurre"
","
"l"
"argent"
"du"
"beurre"
"ou"
"le"
"cul"
"de"
"la"
"crÃ©miÃ¨re"
"?"
"Pour"
"moi"
","
"la"
"question"
"elle"
"est"
"vite"
"rÃ©pondue"
""""
"https://t.co/CgyZcXgKMj"

"id","'1411232138846945280",
"tweet","@CoringaZe @ClementLanot Et oui, des feignasses ceux lÃ . Qui veut gagner plus, n'a qu'Ã  travailler plus! Le beurre, l'argent du beurre et le cul de la crÃ©miÃ¨re qu'ils veulent.",
"seed","Le beurre et l'argent du beurre",
"@CoringaZe"
"@ClementLanot"
"Et"
"oui"
","
"des"
"feignasses"
"ceux"
"lÃ "
"."
"Qui"
"veut"
"gagner"
"plus"
","
"n"
"a"
"qu"
"Ã "
"travailler"
"plus"
"!"
"Le"
"beurre"
","
"l"
"argent"
"du"
"beurre"
"et"
"le"
"cul"
"de"
"la"
"crÃ©miÃ¨re"
"qu"
"ils"
"veulent"
"."

"id","'1523322411420045314",
"tweet","@sousou_lkf @BotetJosette @C_Vial_ Genre... victime un jour, victime toujours.... elle est pas belle la vie en Europe ? Si. Mais avec le beurre  l'argent du beurre et le cul de la crÃ©miÃ¨re ??",
"seed","Le beurre et l'argent du beurre",
"@sousou_lkf"
"@BotetJosette"
"@C_Vial_"
"Genre"
"..."
"victime"
"un"
"jour"
","
"victime"
"toujours"
"...."
"."
"elle"
"est"
"pas"
"belle"
"la"
"vie"
"en"
"Europe"
"?"
"Si"
"."
"Mais"
"avec"
"le"
"beurre"
"l"
"argent"
"du"
"beurre"
"et"
"le"
"cul"
"de"
"la"
"crÃ©miÃ¨re"
"??"

"id","'1450546662250799110",
"tweet","@JFaerber Ils ont qu a travailler plus et ils seront payÃ©s plus ! Pas content ils vont dans le privÃ© ! Au passage 16 semaines de cp il faut le dire ! Ils veulent le beurre l argent du beurre et le cul de crÃ©miÃ¨re !!",
"seed","Le beurre et l'argent du beurre",
"@JFaerber"
"Ils"
"ont"
"qu"
"a"
"travailler"
"plus"
"et"
"ils"
"seront"
"payÃ©s"
"plus"
"!"
"Pas"
"content"
"ils"
"vont"
"dans"
"le"
"privÃ©"
"!"
"Au"
"passage"
"16"
"semaines"
"de"
"cp"
"il"
"faut"
"le"
"dire"
"!"
"Ils"
"veulent"
"le"
"beurre"
"l"
"argent"
"du"
"beurre"
"et"
"le"
"cul"
"de"
"crÃ©miÃ¨re"
"!!"

"id","'1527994383089418240",
"tweet","@JonathanYazagi @GaliaRegnum @GuileRise @SOS_Racisme Mais libre Ã  vous de croire aux chimÃ¨res quâ€™on pourra tjrs travailler moins en dÃ©pensant tjrs plus de richesse que le pays en produit ,avoir la retraite Ã  60 ans ,la santÃ© gratuite,le beurre,lâ€™argent du beurre et le cul de la crÃ©miÃ¨re",
"seed","Le beurre et l'argent du beurre",
"@JonathanYazagi"
"@GaliaRegnum"
"@GuileRise"
"@SOS_Racisme"
"Mais"
"libre"
"Ã "
"vous"
"de"
"croire"
"aux"
"chimÃ¨res"
"qu"
"on"
"pourra"
"tjrs"
"travailler"
"moins"
"en"
"dÃ©pensant"
"tjrs"
"plus"
"de"
"richesse"
"que"
"le"
"pays"
"en"
"produit"
","
"avoir"
"la"
"retraite"
"Ã "
"60"
"ans"
","
"la"
"santÃ©"
"gratuite"
","
"le"
"beurre"
","
"l"
"argent"
"du"
"beurre"
"et"
"le"
"cul"
"de"
"la"
"crÃ©miÃ¨re"

"id","'1347577681446105089",
"tweet","@SylvieDUH @andrebercoff @EmmanuelMacron Câ€™est mon projeeeet?",
"seed","C'est mon projet",
"@SylvieDUH"
"@andrebercoff"
"@EmmanuelMacron"
"C"
"est"
"mon"
"projeeeet"
"?"

"id","'1423197253762756608",
"tweet","Quand il a hurlÃ© câ€™est mon  projeeeet je me suis dit câ€™est un malade. Et voilÃ  ! https://t.co/Cb1sOxnShC",
"seed","C'est mon projet",
"Quand"
"il"
"a"
"hurlÃ©"
"c"
"est"
"mon"
"projeeeet"
"je"
"me"
"suis"
"dit"
"c"
"est"
"un"
"malade"
"."
"Et"
"voilÃ "
"!"
"https://t.co/Cb1sOxnShC"

"id","'1598390523009667072",
"tweet","@jfjfrancois1 @ZemmourEric Câ€™est mon projeeeet",
"seed","C'est mon projet",
"@jfjfrancois1"
"@ZemmourEric"
"C"
"est"
"mon"
"projeeeet"

"id","'1605352640769953792",
"tweet","@Pascalpassement @franceinter @Sonia_Devillers Le Louvre en 2122. C'est mon PROJEEEET.",
"seed","C'est mon projet",
"@Pascalpassement"
"@franceinter"
"@Sonia_Devillers"
"Le"
"Louvre"
"en"
"2122"
"."
"C"
"est"
"mon"
"PROJEEEET"
"."

"id","'1341459794503340032",
"tweet","ğŸ[#CONCOURS] ğŸ Bonjour Ã  toi jeune Padawan, si avec toi la Force est, la figurine de Baby Yoda, tu remporteras :  ğŸ‘‰ RT + Follow @JournalDuGeek  ğŸ’¬ Mentionne un ami qui regarde #TheMandalorian ğŸ˜ DÃ©couvre la figurine : https://t.co/F9disJJUd8  Que la Force soit avec toi ! ğŸ™Œ https://t.co/p15qMW0QYL",
"seed","Que la force soit avec toi",
"ğŸ"
"["
"#CONCOURS"
"]"
"ğŸ"
"Bonjour"
"Ã "
"toi"
"jeune"
"Padawan"
","
"si"
"avec"
"toi"
"la"
"Force"
"est"
","
"la"
"figurine"
"de"
"Baby"
"Yoda"
","
"tu"
"remporteras"
":"
"ğŸ‘‰"
"RT"
"+"
"Follow"
"@JournalDuGeek"
"ğŸ’¬"
"Mentionne"
"un"
"ami"
"qui"
"regarde"
"#TheMandalorian"
"ğŸ˜"
"DÃ©couvre"
"la"
"figurine"
":"
"https://t.co/F9disJJUd8"
"Que"
"la"
"Force"
"soit"
"avec"
"toi"
"!"
"ğŸ™Œ"
"https://t.co/p15qMW0QYL"

"id","'1522107742831394822",
"tweet","Mohamed SALAH que la force de lâ€™Ã‰gypte Antique soit avec toi  Ouvre le chapitre vengeance face au RÃ‰AL MADRID https://t.co/Pp9trT29WF",
"seed","Que la force soit avec toi",
"Mohamed"
"SALAH"
"que"
"la"
"force"
"de"
"l"
"Ã‰gypte"
"Antique"
"soit"
"avec"
"toi"
"Ouvre"
"le"
"chapitre"
"vengeance"
"face"
"au"
"RÃ‰AL"
"MADRID"
"https://t.co/Pp9trT29WF"

"id","'1436292783275454478",
"tweet","Allez on inaugure ces perles en beautÃ© !  Que la force d'Apoula Edel soit avec toi champion ğŸ§¤ â¬‡ï¸ https://t.co/xkpU2JOAtm",
"seed","Que la force soit avec toi",
"Allez"
"on"
"inaugure"
"ces"
"perles"
"en"
"beautÃ©"
"!"
"Que"
"la"
"force"
"d"
"Apoula"
"Edel"
"soit"
"avec"
"toi"
"champion"
"ğŸ§¤"
"â¬‡ï¸"
"https://t.co/xkpU2JOAtm"

"id","'1408669498178166786",
"tweet","@Lawphilisee Que la Force (du Droit) soit avec toi alorsâœŠ ! En souhaitant qu'en plus vous trouviez un meilleur appart' !",
"seed","Que la force soit avec toi",
"@Lawphilisee"
"Que"
"la"
"Force"
"("
"du"
"Droit"
")"
"soit"
"avec"
"toi"
"alorsâœŠ"
"!"
"En"
"souhaitant"
"qu"
"en"
"plus"
"vous"
"trouviez"
"un"
"meilleur"
"appart"
"!"

"id","'1464189124148088832",
"tweet","@daniele_blond Regard au delÃ  doit porter, que la force de dÃ©couverte avec toi, soit",
"seed","Que la force soit avec toi",
"@daniele_blond"
"Regard"
"au"
"delÃ "
"doit"
"porter"
","
"que"
"la"
"force"
"de"
"dÃ©couverte"
"avec"
"toi"
","
"soit"

"id","'1542226455144308736",
"tweet","@Ryzxuh aller ryzeuh que la force du cookie monster soit avec toi",
"seed","Que la force soit avec toi",
"@Ryzxuh"
"aller"
"ryzeuh"
"que"
"la"
"force"
"du"
"cookie"
"monster"
"soit"
"avec"
"toi"

"id","'1517065419944873984",
"tweet","@laRadioNova Que la force du #digital soit avec toi !  https://t.co/4BOoO2Qlgj",
"seed","Que la force soit avec toi",
"@laRadioNova"
"Que"
"la"
"force"
"du"
"#digital"
"soit"
"avec"
"toi"
"!"
"https://t.co/4BOoO2Qlgj"

"id","'1436083930726338564",
"tweet","@eno_kean Que la force du #digital soit avec toi !  https://t.co/gs6cyy62jM",
"seed","Que la force soit avec toi",
"@eno_kean"
"Que"
"la"
"force"
"du"
"#digital"
"soit"
"avec"
"toi"
"!"
"https://t.co/gs6cyy62jM"

"id","'1353233600234344448",
"tweet","@_clemparker_ Que la fibre.. euuuh la force soit avec toi..! Et lÃ -bas, tu auras un nouveau chez toi. ğŸ˜‰ğŸ¥³ğŸ˜ğŸ˜‚ğŸ”¥ğŸ‘",
"seed","Que la force soit avec toi",
"@_clemparker_"
"Que"
"la"
"fibre"
".."
"euuuh"
"la"
"force"
"soit"
"avec"
"toi"
"..!"
"!"
"Et"
"lÃ -bas"
","
"tu"
"auras"
"un"
"nouveau"
"chez"
"toi"
"."
"ğŸ˜‰ğŸ¥³ğŸ˜ğŸ˜‚ğŸ”¥ğŸ‘"

"id","'1386384354885226503",
"tweet","@Paskal_ine Merci Ã  toi et bon courage Ã©galement ! Que la force soit avec nous.",
"seed","Que la force soit avec toi",
"@Paskal_ine"
"Merci"
"Ã "
"toi"
"et"
"bon"
"courage"
"Ã©galement"
"!"
"Que"
"la"
"force"
"soit"
"avec"
"nous"
"."

"id","'1359990959522611202",
"tweet","@Chanzicato @annackmn @MainOctane @haruei_ Bonne chance ! Que la force dâ€™Eren soit avec toi",
"seed","Que la force soit avec toi",
"@Chanzicato"
"@annackmn"
"@MainOctane"
"@haruei_"
"Bonne"
"chance"
"!"
"Que"
"la"
"force"
"d"
"Eren"
"soit"
"avec"
"toi"

"id","'1325368938482593793",
"tweet","Bon vent @KevinEscoffier. Que la force du panda soit avec toi. https://t.co/AAAPfSJTKd",
"seed","Que la force soit avec toi",
"Bon"
"vent"
"@KevinEscoffier"
"."
"Que"
"la"
"force"
"du"
"panda"
"soit"
"avec"
"toi"
"."
"https://t.co/AAAPfSJTKd"

"id","'1358751136732352520",
"tweet","@captainpastaga Merci pour l'info et que la Force de guÃ©rir soit avec toi !",
"seed","Que la force soit avec toi",
"@captainpastaga"
"Merci"
"pour"
"l"
"info"
"et"
"que"
"la"
"Force"
"de"
"guÃ©rir"
"soit"
"avec"
"toi"
"!"

"id","'1545531725073219584",
"tweet","@le_ghostz @Lopauld Ã€ dÃ©faut de la Force, que la chance soit avec toi @Lopauld   Comme on dit: Fingers crossed ğŸ¤",
"seed","Que la force soit avec toi",
"@le_ghostz"
"@Lopauld"
"Ã€"
"dÃ©faut"
"de"
"la"
"Force"
","
"que"
"la"
"chance"
"soit"
"avec"
"toi"
"@Lopauld"
"Comme"
"on"
"dit"
":"
"Fingers"
"crossed"
"ğŸ¤"

"id","'1562691081942499329",
"tweet","@miss_canna Looooool que la force de la weed soit avec toi ! ğŸ˜‚",
"seed","Que la force soit avec toi",
"@miss_canna"
"Looooool"
"que"
"la"
"force"
"de"
"la"
"weed"
"soit"
"avec"
"toi"
"!"
"ğŸ˜‚"

"id","'1413081518134775811",
"tweet","@Blitz_Stream Que la force du requin soit avec toi ğŸ¦ˆ",
"seed","Que la force soit avec toi",
"@Blitz_Stream"
"Que"
"la"
"force"
"du"
"requin"
"soit"
"avec"
"toi"
"ğŸ¦ˆ"

"id","'1496935801003069440",
"tweet","@MisssVicky Que la force de l'amour soit avec toi pour vaincre cette saloperie ! ğŸ˜˜",
"seed","Que la force soit avec toi",
"@MisssVicky"
"Que"
"la"
"force"
"de"
"l"
"amour"
"soit"
"avec"
"toi"
"pour"
"vaincre"
"cette"
"saloperie"
"!"
"ğŸ˜˜"

"id","'1382687367711092736",
"tweet","@UNeedConsulting Que la force du #digital soit avec toi !  https://t.co/4BOoO2Qlgj",
"seed","Que la force soit avec toi",
"@UNeedConsulting"
"Que"
"la"
"force"
"du"
"#digital"
"soit"
"avec"
"toi"
"!"
"https://t.co/4BOoO2Qlgj"

"id","'1329328582355718145",
"tweet","@MisspicsouGame @Micromania_Fr Bonne journÃ©e avec toi aussi ^^ Je voudrais bien que la force soit avec moi pour en trouver une xD",
"seed","Que la force soit avec toi",
"@MisspicsouGame"
"@Micromania_Fr"
"Bonne"
"journÃ©e"
"avec"
"toi"
"aussi"
"^^"
"Je"
"voudrais"
"bien"
"que"
"la"
"force"
"soit"
"avec"
"moi"
"pour"
"en"
"trouver"
"une"
"xD"

"id","'1347946546994831360",
"tweet","@Gastronogeek Que la (Tri)force soit avec toi ! ^^",
"seed","Que la force soit avec toi",
"@Gastronogeek"
"Que"
"la"
"("
"Tri"
")"
"force"
"soit"
"avec"
"toi"
"!"
"^^"

"id","'1379510975347429379",
"tweet","@oOhniquesamere Que la force du #digital soit avec toi !  https://t.co/FTq4iNpOFS",
"seed","Que la force soit avec toi",
"@oOhniquesamere"
"Que"
"la"
"force"
"du"
"#digital"
"soit"
"avec"
"toi"
"!"
"https://t.co/FTq4iNpOFS"

"id","'1426441433796562946",
"tweet","@MrSidney0 Mes excuses et courage !  Que la force des dieux soit avec toi toujours en ta faveur ! https://t.co/fFDyUl75Sc",
"seed","Que la force soit avec toi",
"@MrSidney0"
"Mes"
"excuses"
"et"
"courage"
"!"
"Que"
"la"
"force"
"des"
"dieux"
"soit"
"avec"
"toi"
"toujours"
"en"
"ta"
"faveur"
"!"
"https://t.co/fFDyUl75Sc"

"id","'1547536488480604164",
"tweet","Es-tu digne d'intÃ©grer les rangs de l'Ã©cole d'Eden ? ğŸ§‘â€ğŸ“  Affiche ton talent avec l'escape game SPY x FAMILY ! Que la force des cahouÃ¨tes soit avec toi. ğŸ¥œ #CrunchyrollJE22 https://t.co/19x2vjAJVw",
"seed","Que la force soit avec toi",
"Es-tu"
"digne"
"d"
"intÃ©grer"
"les"
"rangs"
"de"
"l"
"Ã©cole"
"d"
"Eden"
"?"
"ğŸ§‘â€ğŸ“"
"Affiche"
"ton"
"talent"
"avec"
"l"
"escape"
"game"
"SPY"
"x"
"FAMILY"
"!"
"Que"
"la"
"force"
"des"
"cahouÃ¨tes"
"soit"
"avec"
"toi"
"."
"ğŸ¥œ"
"#CrunchyrollJE22"
"https://t.co/19x2vjAJVw"

"id","'1596010012027260929",
"tweet","Go mon #Bilou ! Que la force du champs de lin soit avec toi ! @FondsExplore @RolandJourdain @TerredeLin @kairosjourdain https://t.co/LONjqVzRRi",
"seed","Que la force soit avec toi",
"Go"
"mon"
"#Bilou"
"!"
"Que"
"la"
"force"
"du"
"champs"
"de"
"lin"
"soit"
"avec"
"toi"
"!"
"@FondsExplore"
"@RolandJourdain"
"@TerredeLin"
"@kairosjourdain"
"https://t.co/LONjqVzRRi"

"id","'1338575282958180357",
"tweet","Je crois que tout va bien jusquâ€™ici",
"seed","Jusqu'ici tout va bien",
"Je"
"crois"
"que"
"tout"
"va"
"bien"
"jusqu"
"ici"

"id","'1377300214235684864",
"tweet","""je crois que tout va bien jusqu'ici"" ğŸ¶ğŸ¶ğŸ¶#ITC #IciToutCommence",
"seed","Jusqu'ici tout va bien",
""""
"je"
"crois"
"que"
"tout"
"va"
"bien"
"jusqu"
"ici"
""""
"ğŸ¶ğŸ¶ğŸ¶#ITC"
"#IciToutCommence"

"id","'1580112649081135104",
"tweet","En France ğŸ‡«ğŸ‡· on est autour de 7%, au Japon ğŸ‡¯ğŸ‡µ de 2.5%, en Allemagne ğŸ‡©ğŸ‡ª de 3%. Jusqu'ici tout va donc assez bien. #MorningZapping",
"seed","Jusqu'ici tout va bien",
"En"
"France"
"ğŸ‡«ğŸ‡·"
"on"
"est"
"autour"
"de"
"7%"
","
"au"
"Japon"
"ğŸ‡¯ğŸ‡µ"
"de"
"2"
"."
"5%"
","
"en"
"Allemagne"
"ğŸ‡©ğŸ‡ª"
"de"
"3%"
"."
"Jusqu"
"ici"
"tout"
"va"
"donc"
"assez"
"bien"
"."
"#MorningZapping"

"id","'1343941786901897222",
"tweet","Je crois tout va bien jusquâ€™ici ?",
"seed","Jusqu'ici tout va bien",
"Je"
"crois"
"tout"
"va"
"bien"
"jusqu"
"ici"
"?"

"id","'1556350025764151296",
"tweet","Vous savez quoi?!!!  Tout va bien jusqu'ici",
"seed","Jusqu'ici tout va bien",
"Vous"
"savez"
"quoi"
"?!!!"
"Tout"
"va"
"bien"
"jusqu"
"ici"

"id","'1364805863060471810",
"tweet","#SurmaRoute #ChampsElysees @Paris 6h00 jusqu'ici tout tout va bien ğŸ¤­. Il y a inscrit 30 c'est pas la tempÃ©rature max, c'est la vitesse max.... LoL de LoL... BisOuxxx le monde ğŸ˜˜ ğŸ˜ ğŸš´â€â™‚ï¸  ğŸ˜· https://t.co/boILQIYhYP",
"seed","Jusqu'ici tout va bien",
"#SurmaRoute"
"#ChampsElysees"
"@Paris"
"6h00"
"jusqu"
"ici"
"tout"
"tout"
"va"
"bien"
"ğŸ¤­"
"."
"Il"
"y"
"a"
"inscrit"
"30"
"c"
"est"
"pas"
"la"
"tempÃ©rature"
"max"
","
"c"
"est"
"la"
"vitesse"
"max"
"https://t.co/boILQIYhYP"
"LoL"
"de"
"LoL"
"...."
"BisOuxxx"
"le"
"monde"
"ğŸ˜˜"
"ğŸ˜"
"ğŸš´â€â™‚ï¸"
"ğŸ˜·"
"..."

"id","'1447253898541027336",
"tweet","@ch_coulon Les rÃ©sumÃ©s des caractÃ©ristiques du produit (RCP) sont publiÃ©es par l ANSM. On est en phase expÃ©rimentale avec des millions de cobayes donc pas de notice du MÃ©dicament... tout va bien jusqu'ici... enfin presque",
"seed","Jusqu'ici tout va bien",
"@ch_coulon"
"Les"
"rÃ©sumÃ©s"
"des"
"caractÃ©ristiques"
"du"
"produit"
"("
"RCP"
")"
"sont"
"publiÃ©es"
"par"
"l"
"ANSM"
"."
"On"
"est"
"en"
"phase"
"expÃ©rimentale"
"avec"
"des"
"millions"
"de"
"cobayes"
"donc"
"pas"
"de"
"notice"
"du"
"MÃ©dicament"
"..."
"tout"
"va"
"bien"
"jusqu"
"ici"
"..."
"enfin"
"presque"

"id","'1462403589901635590",
"tweet","Tout va bien jusqu'ici",
"seed","Jusqu'ici tout va bien",
"Tout"
"va"
"bien"
"jusqu"
"ici"

"id","'1559810514049536002",
"tweet","@NZadourian Surtout avec une cuisiniÃ¨re de compÃ¨te comme elle a ğŸ˜³  Ã‡a me fume toujours que ces gens qui massacrent la cuisine aient un matos pareil. De la confiture aux cochons.",
"seed","donner de la confiture aux cochons",
"@NZadourian"
"Surtout"
"avec"
"une"
"cuisiniÃ¨re"
"de"
"compÃ¨te"
"comme"
"elle"
"a"
"ğŸ˜³"
"Ã‡a"
"me"
"fume"
"toujours"
"que"
"ces"
"gens"
"qui"
"massacrent"
"la"
"cuisine"
"aient"
"un"
"matos"
"pareil"
"."
"De"
"la"
"confiture"
"aux"
"cochons"
"."

"id","'1583488613248999425",
"tweet","@No_man_one Le futur est dÃ©jÃ  derriÃ¨re nous",
"seed","Le futur est derriÃ¨re nous",
"@No_man_one"
"Le"
"futur"
"est"
"dÃ©jÃ "
"derriÃ¨re"
"nous"

"id","'1603158056602603520",
"tweet","LIBERTÃ‰ Ã‰GALITÃ‰ FRATERNITÃ‰ MA FRANCE TU Lâ€™AIMES OU TU LA QUITTES ğŸ‡«ğŸ‡·ğŸ‡«ğŸ‡·ğŸ‡«ğŸ‡·ğŸ˜ğŸ˜ğŸ˜",
"seed","La France, tu l'aimes ou tu la quittes",
"LIBERTÃ‰"
"Ã‰GALITÃ‰"
"FRATERNITÃ‰"
"MA"
"FRANCE"
"TU"
"L"
"AIMES"
"OU"
"TU"
"LA"
"QUITTES"
"ğŸ‡«ğŸ‡·ğŸ‡«ğŸ‡·ğŸ‡«ğŸ‡·ğŸ˜ğŸ˜ğŸ˜"

"id","'1409180515924594693",
"tweet","LibertÃ©, Ã©galitÃ©, fraternitÃ© ğŸ‡«ğŸ‡· ma France tu lâ€™aimes ou tu la quittes ğŸ· âšœï¸ https://t.co/XcNfw7j86q",
"seed","La France, tu l'aimes ou tu la quittes",
"LibertÃ©"
","
"Ã©galitÃ©"
","
"fraternitÃ©"
"ğŸ‡«ğŸ‡·"
"ma"
"France"
"tu"
"l"
"aimes"
"ou"
"tu"
"la"
"quittes"
"ğŸ·"
"âšœï¸"
"https://t.co/XcNfw7j86q"

"id","'1447582216578535428",
"tweet","@wati__anton Nn toi en ce moment tu fais l'aigri,  ma France tu l'aimes ou tu l'as quittes fin .",
"seed","La France, tu l'aimes ou tu la quittes",
"@wati__anton"
"Nn"
"toi"
"en"
"ce"
"moment"
"tu"
"fais"
"l"
"aigri"
","
"ma"
"France"
"tu"
"l"
"aimes"
"ou"
"tu"
"l"
"as"
"quittes"
"fin"
"."

"id","'1468227144925028357",
"tweet","Ds sa carriÃ¨re, en affaires, en amour, etc.. toute opportunitÃ© n'est pas Ã  saisir, la vie est faite de choix et tout ce qui brille n'est pas nÃ©cessairement de l'or. Choisis bien!  #LifeChoices  #tuesdayvibe",
"seed","Tout ce qui brille n'est pas or",
"Ds"
"sa"
"carriÃ¨re"
","
"en"
"affaires"
","
"en"
"amour"
","
"etc"
".."
"toute"
"opportunitÃ©"
"n"
"est"
"pas"
"Ã "
"saisir"
","
"la"
"vie"
"est"
"faite"
"de"
"choix"
"et"
"tout"
"ce"
"qui"
"brille"
"n"
"est"
"pas"
"nÃ©cessairement"
"de"
"l"
"or"
"."
"Choisis"
"bien"
"!"
"#LifeChoices"
"#tuesdayvibe"

"id","'1430446094446641155",
"tweet","@MarcGalvez8 @sparkofclarity @lrestistant73 Libre Ã  vous !!! Vous le payerais... Peut Ãªtre plus tard... Ou pas... On verras bien... Le temps au temps... ğŸ¤”J attend ce moment lÃ ..!!",
"seed","laisser le temps au temps",
"@MarcGalvez8"
"@sparkofclarity"
"@lrestistant73"
"Libre"
"Ã "
"vous"
"!!!"
"Vous"
"le"
"payerais"
"..."
"Peut"
"Ãªtre"
"plus"
"tard"
"..."
"Ou"
"pas"
"..."
"On"
"verras"
"bien"
"..."
"Le"
"temps"
"au"
"temps"
"..."
"ğŸ¤”J"
"attend"
"ce"
"moment"
"lÃ "
"..!!"

"id","'1370928328992026629",
"tweet","La question, elle est vite et parfaitement rÃ©pondue ce samedi par Eric Neuhoff (qui a regardÃ© les #Cesar2021 jusqu'au bout, lui...) sur le site du @Le_Figaro. C'est oui. https://t.co/10cBkZXMFe",
"seed","La question elle est vite rÃ©pondue",
"La"
"question"
","
"elle"
"est"
"vite"
"et"
"parfaitement"
"rÃ©pondue"
"ce"
"samedi"
"par"
"Eric"
"Neuhoff"
"("
"qui"
"a"
"regardÃ©"
"les"
"#Cesar2021"
"jusqu"
"au"
"bout"
","
"lui"
"https://t.co/10cBkZXMFe"
")"
"sur"
"le"
"site"
"du"
"@Le_Figaro"
"."
"C"
"est"
"oui"
"."
"..."

"id","'1502625275892359169",
"tweet","@TPMP Jean tu pousses le bouchon un peu trop loin et T es pas Maurice",
"seed","tu pousses le bouchon un peu trop loin, Maurice",
"@TPMP"
"Jean"
"tu"
"pousses"
"le"
"bouchon"
"un"
"peu"
"trop"
"loin"
"et"
"T"
"es"
"pas"
"Maurice"

"id","'1456383662988087300",
"tweet","@Anti_C_O_N_S Tu pousses le bouchon un peu trop loin Farid pour ne pas t'appeler Maurice ğŸ˜ğŸ˜ğŸ˜grrrrrr",
"seed","tu pousses le bouchon un peu trop loin, Maurice",
"@Anti_C_O_N_S"
"Tu"
"pousses"
"le"
"bouchon"
"un"
"peu"
"trop"
"loin"
"Farid"
"pour"
"ne"
"pas"
"t"
"appeler"
"Maurice"
"ğŸ˜ğŸ˜ğŸ˜grrrrrr"

"id","'1567052795752185857",
"tweet","@paolomanzi1947 HÃ© Maurice macron tu pousses le bouchon un peu trop loin tout va te pÃ©ter Ã  la G.... (en 6 lettres) Achtung achtung ...  Pour que cette folie s'arrÃªte je sais ce qu'il faut faire mais j'vous l'dirai pas ou du moins pas tout suite ! Tout arrive Ã  celui qui sait attendre ...",
"seed","tu pousses le bouchon un peu trop loin, Maurice",
"@paolomanzi1947"
"HÃ©"
"Maurice"
"macron"
"tu"
"pousses"
"le"
"bouchon"
"un"
"peu"
"trop"
"loin"
"tout"
"va"
"te"
"pÃ©ter"
"Ã "
"la"
"G"
"...."
"("
"en"
"6"
"lettres"
")"
"Achtung"
"achtung"
"..."
"Pour"
"que"
"cette"
"folie"
"s"
"arrÃªte"
"je"
"sais"
"ce"
"qu"
"il"
"faut"
"faire"
"mais"
"j"
"vous"
"l"
"dirai"
"pas"
"ou"
"du"
"moins"
"pas"
"tout"
"suite"
"!"
"Tout"
"arrive"
"Ã "
"celui"
"qui"
"sait"
"attendre"
"..."

"id","'1378999786565730309",
"tweet","@OlivierFP4 PrÃ©sident momo ""Maurice"" tu pousses le bouchon un peu trop loin et Il n'y a pas de musulmans modÃ©rÃ©s.",
"seed","tu pousses le bouchon un peu trop loin, Maurice",
"@OlivierFP4"
"PrÃ©sident"
"momo"
""""
"Maurice"
""""
"tu"
"pousses"
"le"
"bouchon"
"un"
"peu"
"trop"
"loin"
"et"
"Il"
"n"
"y"
"a"
"pas"
"de"
"musulmans"
"modÃ©rÃ©s"
"."

"id","'1513474466277433347",
"tweet","@AKMEMETEAU C'est l'effet quoi qu'il en coÃ»te : tous payÃ©s Ã  ne rien foutre ! Elle n'est pas belle,  la vie ?",
"seed","quoi qu'il en dise",
"@AKMEMETEAU"
"C"
"est"
"l"
"effet"
"quoi"
"qu"
"il"
"en"
"coÃ»te"
":"
"tous"
"payÃ©s"
"Ã "
"ne"
"rien"
"foutre"
"!"
"Elle"
"n"
"est"
"pas"
"belle"
","
"la"
"vie"
"?"

"id","'1333174941479473160",
"tweet","@jo_delb Putain mais j'ai honte pour lui... Ã€ genoux en rampant devant les racistes pseudo-damnÃ©s de la terre",
"seed","debout les damnÃ©s de la terre",
"@jo_delb"
"Putain"
"mais"
"j"
"ai"
"honte"
"pour"
"lui"
"..."
"Ã€"
"genoux"
"en"
"rampant"
"devant"
"les"
"racistes"
"pseudo-damnÃ©s"
"de"
"la"
"terre"

"id","'1509515146011582464",
"tweet","Â«Â Pourquoi ils n'ont pas de programme ? Parce que le programme de Giscard et de Macron c'est le mÃªme : travailler plus pour mÃªme plus gagner plus et rÃ©duire les impÃ´ts des riches.  Ca fait 50 ans qu'il existe ce programme, vaut mieux pas qu'il l'Ã©nonce !Â Â» https://t.co/m28301zbZJ",
"seed","Travailler plus pour gagner plus",
"Â«Â Pourquoi"
"ils"
"n"
"ont"
"pas"
"de"
"programme"
"?"
"Parce"
"que"
"le"
"programme"
"de"
"Giscard"
"et"
"de"
"Macron"
"c"
"est"
"le"
"mÃªme"
":"
"travailler"
"plus"
"pour"
"mÃªme"
"plus"
"gagner"
"plus"
"et"
"rÃ©duire"
"les"
"impÃ´ts"
"des"
"riches"
"."
"Ca"
"fait"
"50"
"ans"
"qu"
"il"
"existe"
"ce"
"programme"
","
"vaut"
"mieux"
"pas"
"qu"
"il"
"l"
"Ã©nonce"
"!"
"Â Â»"
"https://t.co/m28301zbZJ"

"id","'1520305527124865024",
"tweet","TRAVAILLER PLUS POUR GAGNER MOINS ğŸ’°ğŸ˜¡ L'accord pour la modernisation des ressources humaines de la police nationale 2022/2027 signÃ© par les syndicats Â« maison Â» est historiqueâ€¦ POUR LA 1RE FOIS ILS ONT ACTÃ‰ LA FUTURE BAISSE DE SALAIRE ! ğŸ“± Lire en ligne https://t.co/P3BMuAp1Xp https://t.co/jz2YdfDZ2n",
"seed","Travailler plus pour gagner plus",
"TRAVAILLER"
"PLUS"
"POUR"
"GAGNER"
"MOINS"
"ğŸ’°ğŸ˜¡"
"L"
"accord"
"pour"
"la"
"modernisation"
"des"
"ressources"
"humaines"
"de"
"la"
"police"
"nationale"
"2022/2027"
"signÃ©"
"par"
"les"
"syndicats"
"Â«"
"maison"
"Â»"
"est"
"historiqueâ€¦"
"POUR"
"LA"
"1RE"
"FOIS"
"ILS"
"ONT"
"ACTÃ‰"
"LA"
"FUTURE"
"BAISSE"
"DE"
"SALAIRE"
"!"
"ğŸ“±"
"Lire"
"en"
"ligne"
"https://t.co/P3BMuAp1Xp"
"https://t.co/jz2YdfDZ2n"

"id","'1546402681681575936",
"tweet","@CyrilleLachevre @MGrossiord Travailler plus pour gagner moins ğŸ˜‰!!!",
"seed","Travailler plus pour gagner plus",
"@CyrilleLachevre"
"@MGrossiord"
"Travailler"
"plus"
"pour"
"gagner"
"moins"
"ğŸ˜‰"
"!!!"

"id","'1597328599320711168",
"tweet","@gchampeau Sans oublier qu'il s'agit de salariÃ©s ayant un niveau de vie ""confortable"" (euphÃ©misme) sans difficultÃ©s Ã  boucler leurs fins de mois, donc absolument pas motivÃ©s Ã  ""travailler plus pour gagner autant"".",
"seed","Travailler plus pour gagner plus",
"@gchampeau"
"Sans"
"oublier"
"qu"
"il"
"s"
"agit"
"de"
"salariÃ©s"
"ayant"
"un"
"niveau"
"de"
"vie"
""""
"confortable"
""""
"("
"euphÃ©misme"
")"
"sans"
"difficultÃ©s"
"Ã "
"boucler"
"leurs"
"fins"
"de"
"mois"
","
"donc"
"absolument"
"pas"
"motivÃ©s"
"Ã "
""""
"travailler"
"plus"
"pour"
"gagner"
"autant"
""""
"."

"id","'1577271425752502272",
"tweet","@sandrousseau Travailler moins pour gagner plus donc voilÃ  votre solution ? ğŸ˜‚ heureusement vous serez jamais au pouvoir ğŸ™",
"seed","Travailler plus pour gagner plus",
"@sandrousseau"
"Travailler"
"moins"
"pour"
"gagner"
"plus"
"donc"
"voilÃ "
"votre"
"solution"
"?"
"ğŸ˜‚"
"heureusement"
"vous"
"serez"
"jamais"
"au"
"pouvoir"
"ğŸ™"

"id","'1577190100093411328",
"tweet","@enigma_pic @JeanEud23372917 Et pour complÃ©ter, tous les profs du secondaire ne l'ont pas mais tous font de l'orientation etc. Alors oui c'est injuste. Mais ce que tu dÃ©cris ce sont des missions liÃ©es Ã  des primes. Travailler plus pour gagner Ã  peine plus n'Ã©tait pas le sujet initial. Bonne journÃ©e.",
"seed","Travailler plus pour gagner plus",
"@enigma_pic"
"@JeanEud23372917"
"Et"
"pour"
"complÃ©ter"
","
"tous"
"les"
"profs"
"du"
"secondaire"
"ne"
"l"
"ont"
"pas"
"mais"
"tous"
"font"
"de"
"l"
"orientation"
"etc"
"."
"Alors"
"oui"
"c"
"est"
"injuste"
"."
"Mais"
"ce"
"que"
"tu"
"dÃ©cris"
"ce"
"sont"
"des"
"missions"
"liÃ©es"
"Ã "
"des"
"primes"
"."
"Travailler"
"plus"
"pour"
"gagner"
"Ã "
"peine"
"plus"
"n"
"Ã©tait"
"pas"
"le"
"sujet"
"initial"
"."
"Bonne"
"journÃ©e"
"."

"id","'1517873575734263810",
"tweet","1/ Jâ€™ai dÃ©cidÃ© de travailler moins pour gagner plus : jâ€™ai dÃ©cidÃ© de devenir un professeur innovant. Avant de dÃ©voiler mes secrets, je rappelle les 4 principes essentiels du #pÃ©dagowashing â„¢ï¸â¬‡ï¸",
"seed","Travailler plus pour gagner plus",
"1/"
"J"
"ai"
"dÃ©cidÃ©"
"de"
"travailler"
"moins"
"pour"
"gagner"
"plus"
":"
"j"
"ai"
"dÃ©cidÃ©"
"de"
"devenir"
"un"
"professeur"
"innovant"
"."
"Avant"
"de"
"dÃ©voiler"
"mes"
"secrets"
","
"je"
"rappelle"
"les"
"4"
"principes"
"essentiels"
"du"
"#pÃ©dagowashing"
"â„¢ï¸â¬‡ï¸"

"id","'1544298973367865345",
"tweet","@zoomabus Pas beaucoup et de moins en moins pour un salaire qui lui ne bouge plus, c'est le fameux travailler plus pour gagner moins ğŸ¤£ğŸ¤£ https://t.co/B4um3dwoH8",
"seed","Travailler plus pour gagner plus",
"@zoomabus"
"Pas"
"beaucoup"
"et"
"de"
"moins"
"en"
"moins"
"pour"
"un"
"salaire"
"qui"
"lui"
"ne"
"bouge"
"plus"
","
"c"
"est"
"le"
"fameux"
"travailler"
"plus"
"pour"
"gagner"
"moins"
"ğŸ¤£ğŸ¤£"
"https://t.co/B4um3dwoH8"

"id","'1514333636266532872",
"tweet","@rosaliasisitra Qui va Ã©merger des petits Joffrin, Apathie et Cohn-Bendit... Le BAC leur fut donnÃ© leurs diploms futurs le seront tout autant et ces mÃªmes nous parlerons de travailler plus pour gagner moins... Des trous de culs !!!",
"seed","Travailler plus pour gagner plus",
"@rosaliasisitra"
"Qui"
"va"
"Ã©merger"
"des"
"petits"
"Joffrin"
","
"Apathie"
"et"
"Cohn-Bendit"
"..."
"Le"
"BAC"
"leur"
"fut"
"donnÃ©"
"leurs"
"diploms"
"futurs"
"le"
"seront"
"tout"
"autant"
"et"
"ces"
"mÃªmes"
"nous"
"parlerons"
"de"
"travailler"
"plus"
"pour"
"gagner"
"moins"
"..."
"Des"
"trous"
"de"
"culs"
"!!!"

"id","'1557323673958227970",
"tweet","@EriCachecou RÃ¨gle 2 : Travailler moins pour gagner plus",
"seed","Travailler plus pour gagner plus",
"@EriCachecou"
"RÃ¨gle"
"2"
":"
"Travailler"
"moins"
"pour"
"gagner"
"plus"

"id","'1594711008811319297",
"tweet","Option 2: travailler plus pour gagner moins  Le PIB par habitant recule et l'on maintient Ã  niveau la production en Ã©tendant la population au travail. C'Ã©tait le modÃ¨le soviÃ©tique, qui a dÃ©gÃ©nÃ©rÃ© en dÃ©croissance.",
"seed","Travailler plus pour gagner plus",
"Option"
"2"
":"
"travailler"
"plus"
"pour"
"gagner"
"moins"
"Le"
"PIB"
"par"
"habitant"
"recule"
"et"
"l"
"on"
"maintient"
"Ã "
"niveau"
"la"
"production"
"en"
"Ã©tendant"
"la"
"population"
"au"
"travail"
"."
"C"
"Ã©tait"
"le"
"modÃ¨le"
"soviÃ©tique"
","
"qui"
"a"
"dÃ©gÃ©nÃ©rÃ©"
"en"
"dÃ©croissance"
"."

"id","'1515258762533167104",
"tweet","@PhilippePoutou Quand on ne fait mÃªme pas 1 % et quâ€™on est pour gagner plus en travaillant moins en insistant les gens Ã  voter Macron vous contredisez votre propre programme car le programme de Macron est travailler plus pour gagner moins",
"seed","Travailler plus pour gagner plus",
"@PhilippePoutou"
"Quand"
"on"
"ne"
"fait"
"mÃªme"
"pas"
"1"
"%"
"et"
"qu"
"on"
"est"
"pour"
"gagner"
"plus"
"en"
"travaillant"
"moins"
"en"
"insistant"
"les"
"gens"
"Ã "
"voter"
"Macron"
"vous"
"contredisez"
"votre"
"propre"
"programme"
"car"
"le"
"programme"
"de"
"Macron"
"est"
"travailler"
"plus"
"pour"
"gagner"
"moins"

"id","'1458366168809582592",
"tweet","[CommuniquÃ© du NPA #Rennes] Soutien aux personnels territoriaux en grÃ¨ve! Travailler plus pour gagner moins, faire payer la crise aux travailleurs, voilÃ  la politique d'@nathalieappere  Â @ElusPCFRennes @ElusEcoloRennes https://t.co/K3ZzSVaOQk",
"seed","Travailler plus pour gagner plus",
"["
"CommuniquÃ©"
"du"
"NPA"
"#Rennes"
"]"
"Soutien"
"aux"
"personnels"
"territoriaux"
"en"
"grÃ¨ve"
"!"
"Travailler"
"plus"
"pour"
"gagner"
"moins"
","
"faire"
"payer"
"la"
"crise"
"aux"
"travailleurs"
","
"voilÃ "
"la"
"politique"
"d"
"@nathalieappere"
"Â @ElusPCFRennes"
"@ElusEcoloRennes"
"https://t.co/K3ZzSVaOQk"

"id","'1607422848586469389",
"tweet","@franceinfo Pour gagner plus et travailler moins pardi. Ã‡a ne va pas aider les gens Ã  trouver facilement un mÃ©decin.",
"seed","Travailler plus pour gagner plus",
"@franceinfo"
"Pour"
"gagner"
"plus"
"et"
"travailler"
"moins"
"pardi"
"."
"Ã‡a"
"ne"
"va"
"pas"
"aider"
"les"
"gens"
"Ã "
"trouver"
"facilement"
"un"
"mÃ©decin"
"."

"id","'1474355210860568595",
"tweet","@ChedliOM @62000_veritas @GG_RMC @fredhermel En mÃªme temps, t'es communiste, tes valeurs c'est l'assistanat et travailler moins pour gagner plus. Je perds mon temps. Tu ne connais pas la valeur du travail.",
"seed","Travailler plus pour gagner plus",
"@ChedliOM"
"@62000_veritas"
"@GG_RMC"
"@fredhermel"
"En"
"mÃªme"
"temps"
","
"t"
"es"
"communiste"
","
"tes"
"valeurs"
"c"
"est"
"l"
"assistanat"
"et"
"travailler"
"moins"
"pour"
"gagner"
"plus"
"."
"Je"
"perds"
"mon"
"temps"
"."
"Tu"
"ne"
"connais"
"pas"
"la"
"valeur"
"du"
"travail"
"."

"id","'1448560553304150022",
"tweet","Il y aura deux grands choix de sociÃ©tÃ© en 2022 : travailler plus pour gagner pareil ou travailler moins pour gagner pareil. Les innombrables candidats se rÃ©partissent dans ces deux catÃ©gories. #Presidentielle2022 https://t.co/28M1LA1WnA",
"seed","Travailler plus pour gagner plus",
"Il"
"y"
"aura"
"deux"
"grands"
"choix"
"de"
"sociÃ©tÃ©"
"en"
"2022"
":"
"travailler"
"plus"
"pour"
"gagner"
"pareil"
"ou"
"travailler"
"moins"
"pour"
"gagner"
"pareil"
"."
"Les"
"innombrables"
"candidats"
"se"
"rÃ©partissent"
"dans"
"ces"
"deux"
"catÃ©gories"
"."
"#Presidentielle2022"
"https://t.co/28M1LA1WnA"

"id","'1612416355227308033",
"tweet","@L_insoumission Vous vous Ãªtes augmentÃ© de 250 â‚¬ par mois et vous avez le culot de parler au nom du peuple obligÃ© de travailler plus pour vous !",
"seed","Travailler plus pour gagner plus",
"@L_insoumission"
"Vous"
"vous"
"Ãªtes"
"augmentÃ©"
"de"
"250"
"â‚¬"
"par"
"mois"
"et"
"vous"
"avez"
"le"
"culot"
"de"
"parler"
"au"
"nom"
"du"
"peuple"
"obligÃ©"
"de"
"travailler"
"plus"
"pour"
"vous"
"!"

"id","'1505533953113001985",
"tweet","J'ai encore lu que Macron veut Â«augmenter les profs qui travailleront plusÂ».   Ã‡a a Ã©tÃ© dit 100 fois mais rappelons quand mÃªme que Ã§a n'a aucun sens. Une augmentation c'est gagner plus sans travailler plus. Gagner plus en travaillant plus c'est juste normal.",
"seed","Travailler plus pour gagner plus",
"J"
"ai"
"encore"
"lu"
"que"
"Macron"
"veut"
"Â«augmenter"
"les"
"profs"
"qui"
"travailleront"
"plusÂ»"
"."
"Ã‡a"
"a"
"Ã©tÃ©"
"dit"
"100"
"fois"
"mais"
"rappelons"
"quand"
"mÃªme"
"que"
"Ã§a"
"n"
"a"
"aucun"
"sens"
"."
"Une"
"augmentation"
"c"
"est"
"gagner"
"plus"
"sans"
"travailler"
"plus"
"."
"Gagner"
"plus"
"en"
"travaillant"
"plus"
"c"
"est"
"juste"
"normal"
"."

"id","'1609301184841400322",
"tweet","@BFMTV Travailler plus pour gagner moins !",
"seed","Travailler plus pour gagner plus",
"@BFMTV"
"Travailler"
"plus"
"pour"
"gagner"
"moins"
"!"

"id","'1392906486947491844",
"tweet","Un point de droit sur les conditions de travail de l'aprÃ¨s pandÃ©mie. Travailler plus pour gagner moins avec les dÃ©putÃ©s de la majoritÃ©. Analyse d'une la loi passÃ©e inaperÃ§ue (L'HumanitÃ©)  https://t.co/4Xl6eWIBev",
"seed","Travailler plus pour gagner plus",
"Un"
"point"
"de"
"droit"
"sur"
"les"
"conditions"
"de"
"travail"
"de"
"l"
"aprÃ¨s"
"pandÃ©mie"
"."
"Travailler"
"plus"
"pour"
"gagner"
"moins"
"avec"
"les"
"dÃ©putÃ©s"
"de"
"la"
"majoritÃ©"
"."
"Analyse"
"d"
"une"
"la"
"loi"
"passÃ©e"
"inaperÃ§ue"
"("
"L"
"HumanitÃ©"
")"
"https://t.co/4Xl6eWIBev"

"id","'1597166282599989249",
"tweet","@BFMTV Travailler plus pour gagner et osez payez plus pour finalement vieillir et ne pas pouvoir plus travailler, et la vie coute plus chÃ¨re...propriÃ©tÃ© privÃ©...",
"seed","Travailler plus pour gagner plus",
"@BFMTV"
"Travailler"
"plus"
"pour"
"gagner"
"et"
"osez"
"payez"
"plus"
"pour"
"finalement"
"vieillir"
"et"
"ne"
"pas"
"pouvoir"
"plus"
"travailler"
","
"et"
"la"
"vie"
"coute"
"plus"
"chÃ¨re"
"..."
"propriÃ©tÃ©"
"privÃ©"
"..."

"id","'1454889865741484033",
"tweet","@PJuraver, Conseiller Regional @FranceInsoumise, soutient les salariÃ©â€¢es de #BREGAMS en lutte contre un Accord de Performance Collective (APC) qui les fait travailler plus pour gagner beaucoup moins! https://t.co/19ANl3MAZo https://t.co/kfalDVFJRE",
"seed","Travailler plus pour gagner plus",
"@PJuraver"
","
"Conseiller"
"Regional"
"@FranceInsoumise"
","
"soutient"
"les"
"salariÃ©â€¢es"
"de"
"#BREGAMS"
"en"
"lutte"
"contre"
"un"
"Accord"
"de"
"Performance"
"Collective"
"("
"APC"
")"
"qui"
"les"
"fait"
"travailler"
"plus"
"pour"
"gagner"
"beaucoup"
"moins"
"!"
"https://t.co/19ANl3MAZo"
"https://t.co/kfalDVFJRE"

"id","'1343912626397585414",
"tweet","Pour que les FranÃ§ais passent de bonnes fÃªtes, Emmanuel #Macron doit reconnaÃ®tre sa dÃ©faite. Les FranÃ§ais ne veulent pas du systÃ¨me de #retraites par points qui se rÃ©sumera Ã  travailler plus pour gagner moins. Il faut le retrait. #ClassiqueMatin",
"seed","Travailler plus pour gagner plus",
"Pour"
"que"
"les"
"FranÃ§ais"
"passent"
"de"
"bonnes"
"fÃªtes"
","
"Emmanuel"
"#Macron"
"doit"
"reconnaÃ®tre"
"sa"
"dÃ©faite"
"."
"Les"
"FranÃ§ais"
"ne"
"veulent"
"pas"
"du"
"systÃ¨me"
"de"
"#retraites"
"par"
"points"
"qui"
"se"
"rÃ©sumera"
"Ã "
"travailler"
"plus"
"pour"
"gagner"
"moins"
"."
"Il"
"faut"
"le"
"retrait"
"."
"#ClassiqueMatin"

"id","'1430641306834018305",
"tweet","@savanabay Une blague!! C est une reprise des lois Aubry sur les 35 heures. Travailler moins pour gagner plus... Une hÃ©rÃ©sie Ã©conomique !!",
"seed","Travailler plus pour gagner plus",
"@savanabay"
"Une"
"blague"
"!!"
"C"
"est"
"une"
"reprise"
"des"
"lois"
"Aubry"
"sur"
"les"
"35"
"heures"
"."
"Travailler"
"moins"
"pour"
"gagner"
"plus"
"..."
"Une"
"hÃ©rÃ©sie"
"Ã©conomique"
"!!"

"id","'1501943874318524419",
"tweet","@franceinfo Quand les gens qui gagnent 19 910â‚¬ par mois, t'explique qu'il va falloir travailler plus pour 1 100â‚¬.",
"seed","Travailler plus pour gagner plus",
"@franceinfo"
"Quand"
"les"
"gens"
"qui"
"gagnent"
"19"
"910â‚¬"
"par"
"mois"
","
"t"
"explique"
"qu"
"il"
"va"
"falloir"
"travailler"
"plus"
"pour"
"1"
"100â‚¬"
"."

"id","'1566757932863090689",
"tweet","@Le_Figaro Travailler plus pour gagner moins?",
"seed","Travailler plus pour gagner plus",
"@Le_Figaro"
"Travailler"
"plus"
"pour"
"gagner"
"moins"
"?"

"id","'1611020522053148673",
"tweet","Rappel : la seule ""nouvelle mission"" qui intÃ©resse Macron sera les remplacements bouche-trous. Soit, compte tenu de l'inflation, travailler plus pour gagner aussi peu qu'avant. Et Ã§a passera, parce que la profession est dÃ©sormais dÃ©politisÃ©e. #Cassandre https://t.co/GSwCFTlZgX",
"seed","Travailler plus pour gagner plus",
"Rappel"
":"
"la"
"seule"
""""
"nouvelle"
"mission"
""""
"qui"
"intÃ©resse"
"Macron"
"sera"
"les"
"remplacements"
"bouche-trous"
"."
"Soit"
","
"compte"
"tenu"
"de"
"l"
"inflation"
","
"travailler"
"plus"
"pour"
"gagner"
"aussi"
"peu"
"qu"
"avant"
"."
"Et"
"Ã§a"
"passera"
","
"parce"
"que"
"la"
"profession"
"est"
"dÃ©sormais"
"dÃ©politisÃ©e"
"."
"#Cassandre"
"https://t.co/GSwCFTlZgX"

"id","'1514947406063968261",
"tweet","@LePackDeau Le mec a peur que les grands mÃ©chants patrons utilisent le pied dans la porte pour faire travailler les pauvres employÃ©s plus, mais diminuer les salaires unilatÃ©ralement par le saccage monÃ©taire c'est OK ğŸ¤­",
"seed","mettre un pied dans la porte",
"@LePackDeau"
"Le"
"mec"
"a"
"peur"
"que"
"les"
"grands"
"mÃ©chants"
"patrons"
"utilisent"
"le"
"pied"
"dans"
"la"
"porte"
"pour"
"faire"
"travailler"
"les"
"pauvres"
"employÃ©s"
"plus"
","
"mais"
"diminuer"
"les"
"salaires"
"unilatÃ©ralement"
"par"
"le"
"saccage"
"monÃ©taire"
"c"
"est"
"OK"
"ğŸ¤­"

"id","'1523907198430109698",
"tweet","@PrunetteTV Ce qui me fait le plus peur câ€™est que ces gens sont en trains de se rassembler et organiser en Europe. Ils ont mis un bon pied dans la porte avec Zemmour et vont tenter de lâ€™enfoncer avec Marion Mareshal LePen.",
"seed","mettre un pied dans la porte",
"@PrunetteTV"
"Ce"
"qui"
"me"
"fait"
"le"
"plus"
"peur"
"c"
"est"
"que"
"ces"
"gens"
"sont"
"en"
"trains"
"de"
"se"
"rassembler"
"et"
"organiser"
"en"
"Europe"
"."
"Ils"
"ont"
"mis"
"un"
"bon"
"pied"
"dans"
"la"
"porte"
"avec"
"Zemmour"
"et"
"vont"
"tenter"
"de"
"l"
"enfoncer"
"avec"
"Marion"
"Mareshal"
"LePen"
"."

