id,tweet,d√©figement_identifi√©_final,expression_reconnue_finale,d√©figement_identifi√©A1,expression_reconnueA1,remarquesA1,d√©figement_identifi√©A2,expression_reconnueA2,remarquesA2,d√©figement_identifi√©A3,expression_reconnueA3,remarquesA3
1409771999837229058',Tu pr√©f√®res √™tre suivi(e)¬†par Christine Lagarde dans ton sommeil comme une personne de basse classe sociale ou bien √©piler des ma√Ætres chiens √† chaque fois que tu rencontres une nouvelle personne ? Moi je pense la question elle est vite r√©pondue. Bisous.,non,oui,non,oui,variante,X,X, ,oui,oui, 
1426874118335516675',"""Quelle diff√©rence y a-t-il entre un policier et un gendarme ?""
La question elle est vite r√©pondue üòÖ https://t.co/gfpwjKh7iN https://t.co/vPOfmMA3mf",non,oui,non,oui,SF exacte, ,X, ,oui,oui, 
1444274279789510663',Tu pr√©f√®res √™tre engueul√©(e)¬†par Edouard Philippe tous les matins de ta vie comme une personne de basse classe sociale ou bien √™tre embrass√©(e)¬†par Christophe Castaner dans ton sommeil ? Moi je pense la question elle est vite r√©pondue. Bisous.,non,oui,non,oui,SF exacte,X,X, ,oui,oui, 
1465599068026060800',"@Insightful_Opin @BriceGarreau L'ourse est morte √† cause d'un type venu chez elle, arm√© jusqu'aux dents et avec l'intention de tuer.
Pour moi la question est vite r√©pondue !",non,oui,non,oui,SF exacte, ,X, ,oui,oui, 
1573381895412666368',"""Qui vous dit que le taureau √† mal ?"", d√©clare @AndreViard √† propos de la #corrida. 
La question est vite r√©pondue, dirait JP Fanguin. 
Nous, on est plut√¥t du style : les victimes de l'attentat de Charlie Hebdo, ils ont eu mal ou pas ? 
Article complet : https://t.co/twZ2cemrJG https://t.co/dzYaTMoOQI",non,oui,non,oui,SF exacte, ,X, ,oui,oui, 
