id,tweet,d√©figement_identifi√©_final,expression_reconnue_finale,d√©figement_identifi√©A3,expression_reconnueA3,remarquesA3,d√©figement_identifi√©A2,expression_reconnueA2,remarquesA2,d√©figement_identifi√©A1,expression_reconnueA1,remarquesA1
1439745511142080521',"Aqu√≠ vamos otra vez. 

Ce 30 septembre sur Twitter Space #Radiolibertad d√©couvrez les visages de #SOSCuba 

Viva la France. √âgalit√©, Fraternit√© et Libert√© https://t.co/nQAbD7pkva",oui,oui,non,oui, ,X,X, ,non,oui, 
1603426599403233281',"@chapou C'est ce que √ßa veut dire libert√©, √©galit√© et fraternit√© dans le langage.... üòàüëÅüëå",non,oui,non,oui, , ,X, ,non,oui, 
1540689881705222144',"Libert√©, √©galit√© et fraternit√© https://t.co/PSeQHgx1Ri",non,oui,non,oui, , ,X, ,non,oui, 
1521750113642848257',"@emma_ducros √áa y est, l√† je pense qu'on a touch√© le fond. Un permis de voter...
La prochaine √©tape, c'est un permis de penser ???

Ignoble.
En une mesure, il supprime Libert√©, √âgalit√© et Fraternit√©

#StopMelenchon",non,oui,non,oui, , ,X, ,non,oui, 
1599316148939821056',"@poitoux_g @EmmanuelMacron @TerresDeProgres @Renaissance ""La France des lumi√®res"" que votre maitre s'est appliqu√© √† d√©truire jusqu'au point de nous l'a supprimer la lumi√®re !!!
Il nous a √©galement vol√© la libert√© ,l'√©galit√© la fraternit√© ,donc pas de quoi en faire l'√©loge",non,oui,oui,oui, , ,X, ,non,oui, 
